ID,TITULO,VALOR,LOCAL,DATA_ANUNCIO,LINK,DATA_COLETA_METADADOS
1092026932,iPhone 13 Pro Max 128GB,R$ 7.000,Santo André -  SP,"Hoje, 20:59",https://sp.olx.com.br/sao-paulo-e-regiao/celulares/iphone-13-pro-max-128gb-1092026932,2022-10-23
1047252393,Iphone X loja centro aceitamos trocas parcelamos em até 12X,R$ 1.699,Belo Horizonte -  MG,"Hoje, 20:59",https://mg.olx.com.br/belo-horizonte-e-regiao/celulares/iphone-x-loja-centro-aceitamos-trocas-parcelamos-em-ate-12x-1047252393,2022-10-23
1100028800,Celular Samsung A10s 32gb,R$ 450,Indaiatuba -  SP,"Hoje, 20:59",https://sp.olx.com.br/grande-campinas/celulares/celular-samsung-a10s-32gb-1100028800,2022-10-23
1100743824,Antena Celular Tri band 1800 a 2100 mhz,R$ 380,Goiânia -  GO,"Hoje, 20:59",https://go.olx.com.br/grande-goiania-e-anapolis/celulares/antena-celular-tri-band-1800-a-2100-mhz-1100743824,2022-10-23
1100743745,Moto g 22 ,R$ 1.000,Piraquara -  PR,"Hoje, 20:58",https://pr.olx.com.br/regiao-de-curitiba-e-paranagua/celulares/moto-g-22-1100743745,2022-10-23
1100743724,Vendo iPhone 6 plus 16 gigas ,R$ 600,Aracaju -  SE,"Hoje, 20:58",https://se.olx.com.br/sergipe/celulares/vendo-iphone-6-plus-16-gigas-1100743724,2022-10-23
1100743709,IPHONE 8 PLUS,R$ 1.800,João Pessoa -  PB,"Hoje, 20:58",https://pb.olx.com.br/paraiba/celulares/iphone-8-plus-1100743709,2022-10-23
1100743700,iPhone XR ,R$ 2.050,João Pessoa -  PB,"Hoje, 20:58",https://pb.olx.com.br/paraiba/celulares/iphone-xr-1100743700,2022-10-23
1100743678,iPhone 8 plus  retirada de peças ,R$ 250,Nova Iguaçu -  RJ,"Hoje, 20:58",https://rj.olx.com.br/rio-de-janeiro-e-regiao/celulares/iphone-8-plus-retirada-de-pecas-1100743678,2022-10-23
1100743667,iPhone 12 Pro ,R$ 4.000,Campinas -  SP,"Hoje, 20:58",https://sp.olx.com.br/grande-campinas/celulares/iphone-12-pro-1100743667,2022-10-23
1100743661,iPhone 8 Preto ,R$ 1.100,Manaus -  AM,"Hoje, 20:58",https://am.olx.com.br/regiao-de-manaus/celulares/iphone-8-preto-1100743661,2022-10-23
1100743648,iPhone 7 128g,R$ 950,Aracaju -  SE,"Hoje, 20:58",https://se.olx.com.br/sergipe/celulares/iphone-7-128g-1100743648,2022-10-23
1100743628,iPhone 6s Plus 64GB,R$ 900,São Luís -  MA,"Hoje, 20:58",https://ma.olx.com.br/regiao-de-sao-luis/celulares/iphone-6s-plus-64gb-1100743628,2022-10-23
1100743623,iPhone 7 32 gb ,R$ 550,Novo Gama -  DF,"Hoje, 20:58",https://df.olx.com.br/distrito-federal-e-regiao/celulares/iphone-7-32-gb-1100743623,2022-10-23
1100743602,Capa iPhone ,R$ 25,Curitiba -  PR,"Hoje, 20:57",https://pr.olx.com.br/regiao-de-curitiba-e-paranagua/celulares/capa-iphone-1100743602,2022-10-23
1100743581,iPhone 7 32gb,R$ 900,Iperó -  SP,"Hoje, 20:57",https://sp.olx.com.br/regiao-de-sorocaba/celulares/iphone-7-32gb-1100743581,2022-10-23
1100743570,iPhone XS ,R$ 2.300,São Paulo -  SP,"Hoje, 20:57",https://sp.olx.com.br/sao-paulo-e-regiao/celulares/iphone-xs-1100743570,2022-10-23
1097918491,12 Pro 128GB,R$ 3.600,Belo Horizonte -  MG,"Hoje, 20:57",https://mg.olx.com.br/belo-horizonte-e-regiao/celulares/12-pro-128gb-1097918491,2022-10-23
1096389199,iPhone SE 2020 / iPhone 11 / iPhone 8,R$ 1.300,Belo Horizonte -  MG,"Hoje, 20:57",https://mg.olx.com.br/belo-horizonte-e-regiao/celulares/iphone-se-2020-iphone-11-iphone-8-1096389199,2022-10-23
1100743551,Samsung A31 ,R$ 1.050,Curitiba -  PR,"Hoje, 20:57",https://pr.olx.com.br/regiao-de-curitiba-e-paranagua/celulares/samsung-a31-1100743551,2022-10-23
1100743540,Capinha iPhone 7/8 ,R$ 25,Joinville -  SC,"Hoje, 20:57",https://sc.olx.com.br/norte-de-santa-catarina/celulares/capinha-iphone-7-8-1100743540,2022-10-23
1100743537,Iphone 6s 64gb perfeito estado,R$ 550,Manaus -  AM,"Hoje, 20:57",https://am.olx.com.br/regiao-de-manaus/celulares/iphone-6s-64gb-perfeito-estado-1100743537,2022-10-23
1100743473,"Xiaomi 11 lite, 6+2g de RAM, 128g - seminovo",R$ 1.450,Vitória -  ES,"Hoje, 20:57",https://es.olx.com.br/norte-do-espirito-santo/celulares/xiaomi-11-lite-6-2g-de-ram-128g-seminovo-1100743473,2022-10-23
1100743451,Samsung a01 32 Gb ,R$ 300,Marcação -  PB,"Hoje, 20:57",https://pb.olx.com.br/paraiba/celulares/samsung-a01-32-gb-1100743451,2022-10-23
1100743438,Fone AirPods Pro linha premium 1:1,R$ 159,Contagem -  MG,"Hoje, 20:57",https://mg.olx.com.br/belo-horizonte-e-regiao/celulares/fone-airpods-pro-linha-premium-1-1-1100743438,2022-10-23
1087778069,14 Pro MAX 256 Roxo Lacrado,R$ 9.100,São Paulo -  SP,"Hoje, 20:57",https://sp.olx.com.br/sao-paulo-e-regiao/celulares/14-pro-max-256-roxo-lacrado-1087778069,2022-10-23
1100743420,Tablet Samsung Galaxy 3lite,R$ 190,Mauá -  SP,"Hoje, 20:56",https://sp.olx.com.br/sao-paulo-e-regiao/celulares/tablet-samsung-galaxy-3lite-1100743420,2022-10-23
1100743400,IPhone 8 Plus 64Gb Preto,R$ 1.600,São Paulo -  SP,"Hoje, 20:56",https://sp.olx.com.br/sao-paulo-e-regiao/celulares/iphone-8-plus-64gb-preto-1100743400,2022-10-23
1100743345,Iphone 12,R$ 4.650,Caucaia -  CE,"Hoje, 20:56",https://ce.olx.com.br/fortaleza-e-regiao/celulares/iphone-12-1100743345,2022-10-23
1100743341,iPhone 6s - 64GB,R$ 550,Jaboatão dos Guararapes -  PE,"Hoje, 20:56",https://pe.olx.com.br/grande-recife/celulares/iphone-6s-64gb-1100743341,2022-10-23
1100743335,Vendo esse redmi 9,R$ 950,Boa Vista -  RR,"Hoje, 20:56",https://rr.olx.com.br/roraima/celulares/vendo-esse-redmi-9-1100743335,2022-10-23
1100743318,Fone Bluetooth QCY T13 - Garantia e entrega grátis,R$ 200,São Luís -  MA,"Hoje, 20:56",https://ma.olx.com.br/regiao-de-sao-luis/celulares/fone-bluetooth-qcy-t13-garantia-e-entrega-gratis-1100743318,2022-10-23
1100743307,iPhone 7 Plus 128Gb,R$ 1.500,Blumenau -  SC,"Hoje, 20:56",https://sc.olx.com.br/norte-de-santa-catarina/celulares/iphone-7-plus-128gb-1100743307,2022-10-23
1100743294,Capinhas IPhone 13 ,R$ 60,Olinda -  PE,"Hoje, 20:56",https://pe.olx.com.br/grande-recife/celulares/capinhas-iphone-13-1100743294,2022-10-23
1100743298,Samsung S20 FE Semi Novo,R$ 1.500,Manaus -  AM,"Hoje, 20:56",https://am.olx.com.br/regiao-de-manaus/celulares/samsung-s20-fe-semi-novo-1100743298,2022-10-23
1100743289,Xiaomi Redmi Note 11 snapdragon 128gb 6gb Ram ,R$ 1.711,São José dos Campos -  SP,"Hoje, 20:56",https://sp.olx.com.br/vale-do-paraiba-e-litoral-norte/celulares/xiaomi-redmi-note-11-snapdragon-128gb-6gb-ram-1100743289,2022-10-23
1100743274,iPhone 7 32 gb ,R$ 550,Novo Gama -  DF,"Hoje, 20:56",https://df.olx.com.br/distrito-federal-e-regiao/celulares/iphone-7-32-gb-1100743274,2022-10-23
1100743243,iPhone 11 ,R$ 2.550,Petrolina -  PE,"Hoje, 20:56",https://pe.olx.com.br/regiao-de-petrolina-e-garanhuns/celulares/iphone-11-1100743243,2022-10-23
1099576777,Galaxy Z Flip4 128GB - NOVO,R$ 5.869,Belém -  PA,"Hoje, 20:56",https://pa.olx.com.br/regiao-de-belem/celulares/galaxy-z-flip4-128gb-novo-1099576777,2022-10-23
763718864,Celular Xiaomi Redmi Note 8 128GB branco Global,,Florianópolis -  SC,"Hoje, 20:55",https://sc.olx.com.br/florianopolis-e-regiao/celulares/celular-xiaomi-redmi-note-8-128gb-branco-global-763718864,2022-10-23
1100743187,iPhone 7 preto fosco ,R$ 1.200,Santo André -  SP,"Hoje, 20:55",https://sp.olx.com.br/sao-paulo-e-regiao/celulares/iphone-7-preto-fosco-1100743187,2022-10-23
1100435466,"Samsung Galaxy note 8, 6 GB de RAM, vendo ou troco com volta aceito cartão ",R$ 850,Macapá -  AP,"Hoje, 20:55",https://ap.olx.com.br/amapa/celulares/samsung-galaxy-note-8-6-gb-de-ram-vendo-ou-troco-com-volta-aceito-cartao-1100435466,2022-10-23
964061324,Esse aparelho é top / iPhone 13 pro / o melhor preço de Sorocaba e região ,,Sorocaba -  SP,"Hoje, 20:55",https://sp.olx.com.br/regiao-de-sorocaba/celulares/esse-aparelho-e-top-iphone-13-pro-o-melhor-preco-de-sorocaba-e-regiao-964061324,2022-10-23
1040085362,iPhone 13 pro max - tenho todas as cores - aceito troca ,,Sorocaba -  SP,"Hoje, 20:55",https://sp.olx.com.br/regiao-de-sorocaba/celulares/iphone-13-pro-max-tenho-todas-as-cores-aceito-troca-1040085362,2022-10-23
1095624076,iPhone 11 64GB/vitrine/12x/Lj fisica,R$ 2.690,Curitiba -  PR,"Hoje, 20:55",https://pr.olx.com.br/regiao-de-curitiba-e-paranagua/celulares/iphone-11-64gb-vitrine-12x-lj-fisica-1095624076,2022-10-23
1042024343,Vem pra loja - iPhone 11 lacrado - tenho todas as cores ,,Sorocaba -  SP,"Hoje, 20:55",https://sp.olx.com.br/regiao-de-sorocaba/celulares/vem-pra-loja-iphone-11-lacrado-tenho-todas-as-cores-1042024343,2022-10-23
1100743120,Bateria j7 metal (nova),R$ 30,Londrina -  PR,"Hoje, 20:55",https://pr.olx.com.br/regiao-de-londrina/celulares/bateria-j7-metal-nova-1100743120,2022-10-23
1030167810,Mi 11 Lite 128gb/8gb Ram - Versão Global ,R$ 1.999,Salvador -  BA,"Hoje, 20:55",https://ba.olx.com.br/grande-salvador/celulares/mi-11-lite-128gb-8gb-ram-versao-global-1030167810,2022-10-23
1070250797,Poco X4 Pro 5G 128Gb|6Gb Ram - Câmera 108Mp,R$ 1.749,Salvador -  BA,"Hoje, 20:55",https://ba.olx.com.br/grande-salvador/celulares/poco-x4-pro-5g-128gb-6gb-ram-camera-108mp-1070250797,2022-10-23
1064738045,ÚLTIMAS UNIDADES!!! REDMI 10C 128GB/4,R$ 1.079,Salvador -  BA,"Hoje, 20:55",https://ba.olx.com.br/grande-salvador/celulares/ultimas-unidades-redmi-10c-128gb-4-1064738045,2022-10-23
1064738045,ÚLTIMAS UNIDADES!!! REDMI 10C 128GB/4,R$ 1.079,Salvador -  BA,"Hoje, 20:55",https://ba.olx.com.br/grande-salvador/celulares/ultimas-unidades-redmi-10c-128gb-4-1064738045,2022-10-23
1081528683,Note 11 128Gb|4Gb Acabando,R$ 1.229,Salvador -  BA,"Hoje, 20:55",https://ba.olx.com.br/grande-salvador/celulares/note-11-128gb-4gb-acabando-1081528683,2022-10-23
1100743102,Xiaomi Poco X4 PRO  128 GB *Versão Global e Lacrado,R$ 1.720,Uberlândia -  MG,"Hoje, 20:55",https://mg.olx.com.br/regiao-de-uberlandia-e-uberaba/celulares/xiaomi-poco-x4-pro-128-gb-versao-global-e-lacrado-1100743102,2022-10-23
965966903,IPHONE 12 MINI AZUL > BLACK ATE 18X ,R$ 4.099,Sorocaba -  SP,"Hoje, 20:55",https://sp.olx.com.br/regiao-de-sorocaba/celulares/iphone-12-mini-azul-black-ate-18x-965966903,2022-10-23
1073935740,Redmi 10C 64Gb/4Gb e 128Gb|4Gb Garantia,R$ 999,Salvador -  BA,"Hoje, 20:55",https://ba.olx.com.br/grande-salvador/celulares/redmi-10c-64gb-4gb-e-128gb-4gb-garantia-1073935740,2022-10-23
1069278261,Redmi Note 11 Pro 128gb/6gb lacrado,R$ 1.649,Salvador -  BA,"Hoje, 20:55",https://ba.olx.com.br/grande-salvador/celulares/redmi-note-11-pro-128gb-6gb-lacrado-1069278261,2022-10-23
1069347177,Redmi Note 11 Pro 128Gb|6Gb 10x Sem Juros ,R$ 1.649,Salvador -  BA,"Hoje, 20:55",https://ba.olx.com.br/grande-salvador/celulares/redmi-note-11-pro-128gb-6gb-10x-sem-juros-1069347177,2022-10-23
999546497,Redmi Note 11 128gb/4gb Lacrado,R$ 1.229,Salvador -  BA,"Hoje, 20:55",https://ba.olx.com.br/grande-salvador/celulares/redmi-note-11-128gb-4gb-lacrado-999546497,2022-10-23
1100432328,Redmi 9A e 9C Novo,R$ 800,Recife -  PE,"Hoje, 20:55",https://pe.olx.com.br/grande-recife/celulares/redmi-9a-e-9c-novo-1100432328,2022-10-23
1100743019,"iPhone X, 64gb",R$ 700,Mandaguaçu -  PR,"Hoje, 20:54",https://pr.olx.com.br/regiao-de-maringa/celulares/iphone-x-64gb-1100743019,2022-10-23
850154983,Capa Silicone Neon Iphone 11 11 pro max 12 12pro e 12 pro max ,R$ 30,Salvador -  BA,"Hoje, 20:54",https://ba.olx.com.br/grande-salvador/celulares/capa-silicone-neon-iphone-11-11-pro-max-12-12pro-e-12-pro-max-850154983,2022-10-23
1100743008,Samsung j7 ,R$ 200,Sorocaba -  SP,"Hoje, 20:54",https://sp.olx.com.br/regiao-de-sorocaba/celulares/samsung-j7-1100743008,2022-10-23
767904406,Celular Xiaomi Redmi Note 10 Lite 128GB / 6GB Ram,,Florianópolis -  SC,"Hoje, 20:54",https://sc.olx.com.br/florianopolis-e-regiao/celulares/celular-xiaomi-redmi-note-10-lite-128gb-6gb-ram-767904406,2022-10-23
1100742993,Telefone fixo Retrô vintage vermelho. Intelbras ,R$ 100,Rio de Janeiro -  RJ,"Hoje, 20:54",https://rj.olx.com.br/rio-de-janeiro-e-regiao/celulares/telefone-fixo-retro-vintage-vermelho-intelbras-1100742993,2022-10-23
1100742957,Mi 9 lite 64GB,R$ 1.200,Curitiba -  PR,"Hoje, 20:54",https://pr.olx.com.br/regiao-de-curitiba-e-paranagua/celulares/mi-9-lite-64gb-1100742957,2022-10-23
1099084653,"Iphone 12 Pro Max, 256 GB, Graphite",R$ 6.000,Rio de Janeiro -  RJ,"Hoje, 20:54",https://rj.olx.com.br/rio-de-janeiro-e-regiao/celulares/iphone-12-pro-max-256-gb-graphite-1099084653,2022-10-23
1100742919,Motorola Moto G7 Play,R$ 650,Canoas -  RS,"Hoje, 20:54",https://rs.olx.com.br/regioes-de-porto-alegre-torres-e-santa-cruz-do-sul/celulares/motorola-moto-g7-play-1100742919,2022-10-23
1100742895,iPhone ,R$ 900,Salvador -  BA,"Hoje, 20:54",https://ba.olx.com.br/grande-salvador/celulares/iphone-1100742895,2022-10-23
1100742892,Iphone 6s ,R$ 450,Palhoça -  SC,"Hoje, 20:54",https://sc.olx.com.br/florianopolis-e-regiao/celulares/iphone-6s-1100742892,2022-10-23
1073862676,Apple Watch 7 Até 12X ( Super Promoção Hoje!! ) Toda Linha Apple!!,R$ 2.380,Brasília -  DF,"Hoje, 20:54",https://df.olx.com.br/distrito-federal-e-regiao/celulares/apple-watch-7-ate-12x-super-promocao-hoje--toda-linha-apple-1073862676,2022-10-23
1100742865,iPhone 7plus ,R$ 920,Campinas -  SP,"Hoje, 20:54",https://sp.olx.com.br/grande-campinas/celulares/iphone-7plus-1100742865,2022-10-23
1037408731,IPHONE XSMAX 256 GB SEMI NOVOS DE VITRINE COM GARANTIA ,R$ 3.350,Belo Horizonte -  MG,"Hoje, 20:54",https://mg.olx.com.br/belo-horizonte-e-regiao/celulares/iphone-xsmax-256-gb-semi-novos-de-vitrine-com-garantia-1037408731,2022-10-23
1058809777,iPhone X 64Gb Seminovo ,R$ 2.399,Porto Alegre -  RS,"Hoje, 20:54",https://rs.olx.com.br/regioes-de-porto-alegre-torres-e-santa-cruz-do-sul/celulares/iphone-x-64gb-seminovo-1058809777,2022-10-23
1100742843,iPhone 8 Plus 128gb 88 de bateria ,R$ 1.300,Rio de Janeiro -  RJ,"Hoje, 20:54",https://rj.olx.com.br/rio-de-janeiro-e-regiao/celulares/iphone-8-plus-128gb-88-de-bateria-1100742843,2022-10-23
1100742837,iPhone 11 64 GB novo ,R$ 2.990,Santo Amaro da Imperatriz -  SC,"Hoje, 20:54",https://sc.olx.com.br/florianopolis-e-regiao/celulares/iphone-11-64-gb-novo-1100742837,2022-10-23
1023389133,IPHONE XS MAX 64 GB SEMI NOVOS ,R$ 3.250,Belo Horizonte -  MG,"Hoje, 20:54",https://mg.olx.com.br/belo-horizonte-e-regiao/celulares/iphone-xs-max-64-gb-semi-novos-1023389133,2022-10-23
1100742834,Iphone 6s,R$ 350,Juiz de Fora -  MG,"Hoje, 20:54",https://mg.olx.com.br/regiao-de-juiz-de-fora/celulares/iphone-6s-1100742834,2022-10-23
1100742828,Vendo Edge 20 Pro  (256 gb),R$ 2.300,Rio de Janeiro -  RJ,"Hoje, 20:53",https://rj.olx.com.br/rio-de-janeiro-e-regiao/celulares/vendo-edge-20-pro-256-gb-1100742828,2022-10-23
1073057148,"Apple Watch 7 Até 12X ( Super Promoção Hoje, Toda Linha Apple em Promoção Hoje!! )",R$ 2.380,Brasília -  DF,"Hoje, 20:53",https://df.olx.com.br/distrito-federal-e-regiao/celulares/apple-watch-7-ate-12x-super-promocao-hoje-toda-linha-apple-em-promocao-hoje-1073057148,2022-10-23
1100742740,iPhone 12 128GB,R$ 3.600,Nova Iguaçu -  RJ,"Hoje, 20:53",https://rj.olx.com.br/rio-de-janeiro-e-regiao/celulares/iphone-12-128gb-1100742740,2022-10-23
1100742725,Iphone 7,R$ 800,Olinda -  PE,"Hoje, 20:53",https://pe.olx.com.br/grande-recife/celulares/iphone-7-1100742725,2022-10-23
1100742695,iPhone 11 64 GB  lacrado ,R$ 3.000,Juiz de Fora -  MG,"Hoje, 20:53",https://mg.olx.com.br/regiao-de-juiz-de-fora/celulares/iphone-11-64-gb-lacrado-1100742695,2022-10-23
1100742659,iPhone 11 + fone de ouvido sem fio !,R$ 2.800,Brasília -  DF,"Hoje, 20:53",https://df.olx.com.br/distrito-federal-e-regiao/celulares/iphone-11-fone-de-ouvido-sem-fio-1100742659,2022-10-23
1100742633,Iphone XR 128gb - Branco,R$ 2.867,Contagem -  MG,"Hoje, 20:53",https://mg.olx.com.br/belo-horizonte-e-regiao/celulares/iphone-xr-128gb-branco-1100742633,2022-10-23
1100742615,Rastreamento de veiculos,,Manaus -  AM,"Hoje, 20:53",https://am.olx.com.br/regiao-de-manaus/celulares/rastreamento-de-veiculos-1100742615,2022-10-23
1099573952,Samsung S21 FE 5G na caixa com NF,R$ 3.900,Manaus -  AM,"Hoje, 20:52",https://am.olx.com.br/regiao-de-manaus/celulares/samsung-s21-fe-5g-na-caixa-com-nf-1099573952,2022-10-23
994668554,IPHONE XR 128 GIGAS / MOSTRUÁRIO,R$ 2.100,Campinas -  SP,"Hoje, 20:52",https://sp.olx.com.br/grande-campinas/celulares/iphone-xr-128-gigas-mostruario-994668554,2022-10-23
1071918174,Xiaomi Redmi 10A 32gb,R$ 750,Campinas -  SP,"Hoje, 20:52",https://sp.olx.com.br/grande-campinas/celulares/xiaomi-redmi-10a-32gb-1071918174,2022-10-23
1100742573,iPhone XR 64gb,R$ 1.900,Rio de Janeiro -  RJ,"Hoje, 20:52",https://rj.olx.com.br/rio-de-janeiro-e-regiao/celulares/iphone-xr-64gb-1100742573,2022-10-23
1004754658,Capa Case Xiaomi Redmi Note 11 4G e 5G,R$ 30,Salvador -  BA,"Hoje, 20:52",https://ba.olx.com.br/grande-salvador/celulares/capa-case-xiaomi-redmi-note-11-4g-e-5g-1004754658,2022-10-23
1099221345,Apple AirPods Pro #3 Geração ,R$ 800,Ribeirão Preto -  SP,"Hoje, 20:52",https://sp.olx.com.br/regiao-de-ribeirao-preto/celulares/apple-airpods-pro-3-geracao-1099221345,2022-10-23
1100742365,iPhone XR 64gb,R$ 2.000,Recife -  PE,"Hoje, 20:52",https://pe.olx.com.br/grande-recife/celulares/iphone-xr-64gb-1100742365,2022-10-23
1100742354,"iPhone SE 64 gb  val.  350,00",R$ 350,Belém -  PA,"Hoje, 20:52",https://pa.olx.com.br/regiao-de-belem/celulares/iphone-se-64-gb-val-350-00-1100742354,2022-10-23
1100037691,Carregador iphone 11 pro 12 13 Xr 8 plus original Apple USB-C anatel,R$ 195,Recife -  PE,"Hoje, 20:51",https://pe.olx.com.br/grande-recife/celulares/carregador-iphone-11-pro-12-13-xr-8-plus-original-apple-usb-c-anatel-1100037691,2022-10-23
1099107418,Celular MI Light 10 - 5G,R$ 1.350,Florianópolis -  SC,"Hoje, 20:51",https://sc.olx.com.br/florianopolis-e-regiao/celulares/celular-mi-light-10-5g-1099107418,2022-10-23
832757842,Capa Case Silicone AirPods Pro - Transparente <br><br>,R$ 35,Salvador -  BA,"Hoje, 20:51",https://ba.olx.com.br/grande-salvador/celulares/capa-case-silicone-airpods-pro-transparente-br-br-832757842,2022-10-23
1100742218,Capa resistente a quedas de borracha para iPhone XS Max!!!,R$ 90,Rio de Janeiro -  RJ,"Hoje, 20:51",https://rj.olx.com.br/rio-de-janeiro-e-regiao/celulares/capa-resistente-a-quedas-de-borracha-para-iphone-xs-max-1100742218,2022-10-23
1100742214,Celular Lg k10 pawer,R$ 380,Araruna -  PB,"Hoje, 20:51",https://pb.olx.com.br/paraiba/celulares/celular-lg-k10-pawer-1100742214,2022-10-23
1100742204,Adaptador Para Carregamento Sem Fio - Indução Qi Para iPhone (9 total),R$ 89,Suzano -  SP,"Hoje, 20:51",https://sp.olx.com.br/sao-paulo-e-regiao/celulares/adaptador-para-carregamento-sem-fio-inducao-qi-para-iphone-9-total-1100742204,2022-10-23
911800235,Fone de Ouvido Gamer com Microfone IT-Blue LE-2721 Novo Lacrado- Loja Natan Abreu ,R$ 49,Vila Velha -  ES,"Hoje, 20:51",https://es.olx.com.br/norte-do-espirito-santo/celulares/fone-de-ouvido-gamer-com-microfone-it-blue-le-2721-novo-lacrado-loja-natan-abreu-911800235,2022-10-23
970467319,iPhone 11 64gb Preto ,,Goiânia -  GO,"Hoje, 20:51",https://go.olx.com.br/grande-goiania-e-anapolis/celulares/iphone-11-64gb-preto-970467319,2022-10-23
1086192910, Smartphone Samsung Galaxy A23  128GB 4Gb Ram,,Goiânia -  GO,"Hoje, 20:51",https://go.olx.com.br/grande-goiania-e-anapolis/celulares/smartphone-samsung-galaxy-a23-128gb-4gb-ram-1086192910,2022-10-23
944027680,turu c201 sl gyn ,,Goiânia -  GO,"Hoje, 20:51",https://go.olx.com.br/grande-goiania-e-anapolis/celulares/turu-c201-sl-gyn-944027680,2022-10-23
1013517836,Redmi Note  9 active 64Gb,,Goiânia -  GO,"Hoje, 20:51",https://go.olx.com.br/grande-goiania-e-anapolis/celulares/redmi-note-9-active-64gb-1013517836,2022-10-23
1094295953,Xiaomi Poco X4 Pro 5G 128Gb + 6Ram  (Garantia 3 Meses),R$ 1.750,São Vicente -  SP,"Hoje, 20:51",https://sp.olx.com.br/baixada-santista-e-litoral-sul/celulares/xiaomi-poco-x4-pro-5g-128gb-6ram-garantia-3-meses-1094295953,2022-10-23
812439591,Película traseira fibra de carbono iPhone 11 11pro e 11 Pro Max 12 12pro e 12 pro max ,R$ 20,Salvador -  BA,"Hoje, 20:51",https://ba.olx.com.br/grande-salvador/celulares/pelicula-traseira-fibra-de-carbono-iphone-11-11pro-e-11-pro-max-12-12pro-e-12-pro-max-812439591,2022-10-23
1100742013,iPhone 8 64g,R$ 1.150,Florianópolis -  SC,"Hoje, 20:50",https://sc.olx.com.br/florianopolis-e-regiao/celulares/iphone-8-64g-1100742013,2022-10-23
1100741982,Sansung buds live,R$ 370,Serra -  ES,"Hoje, 20:50",https://es.olx.com.br/norte-do-espirito-santo/celulares/sansung-buds-live-1100741982,2022-10-23
1100741950, TENHO 2 RADIO COMUNICADOR DEP 450 UHF,R$ 1.500,Fortaleza -  CE,"Hoje, 20:50",https://ce.olx.com.br/fortaleza-e-regiao/celulares/tenho-2-radio-comunicador-dep-450-uhf-1100741950,2022-10-23
1100434773,"iPhone 7 Plus, 128 GB , vendo ou troco com volta aceito cartão ",R$ 1.100,Macapá -  AP,"Hoje, 20:50",https://ap.olx.com.br/amapa/celulares/iphone-7-plus-128-gb-vendo-ou-troco-com-volta-aceito-cartao-1100434773,2022-10-23
1100741933,Iphone 8 - Cinza 64GB,R$ 1.600,São José dos Campos -  SP,"Hoje, 20:50",https://sp.olx.com.br/vale-do-paraiba-e-litoral-norte/celulares/iphone-8-cinza-64gb-1100741933,2022-10-23
817020325,iPhone 7 32gb ,R$ 1.599,Recife -  PE,"Hoje, 20:50",https://pe.olx.com.br/grande-recife/celulares/iphone-7-32gb-817020325,2022-10-23
841072252,iPhone 8 256gb,R$ 2.299,Recife -  PE,"Hoje, 20:49",https://pe.olx.com.br/grande-recife/celulares/iphone-8-256gb-841072252,2022-10-23
1029229534,Samsung S21fe novo-lacrado ,R$ 1.999,Brasília -  DF,"Hoje, 20:49",https://df.olx.com.br/distrito-federal-e-regiao/celulares/samsung-s21fe-novo-lacrado-1029229534,2022-10-23
1100741876,Apple Watch série 4,R$ 1.400,Aracaju -  SE,"Hoje, 20:49",https://se.olx.com.br/sergipe/celulares/apple-watch-serie-4-1100741876,2022-10-23
1100741796,Iphone 7/ Preto/<br>128 Gb memoria/ Biometria virtual <br> ,R$ 799,Rio de Janeiro -  RJ,"Hoje, 20:49",https://rj.olx.com.br/rio-de-janeiro-e-regiao/celulares/iphone-7-preto-br-128-gb-memoria-biometria-virtual-br-1100741796,2022-10-23
1100741783,vendo S6 de 32GB,R$ 220,Belém -  PA,"Hoje, 20:49",https://pa.olx.com.br/regiao-de-belem/celulares/vendo-s6-de-32gb-1100741783,2022-10-23
1100741784,Capa Bolsa Prova D'água Universal Até 6 Polegadas NOVO na caixa,R$ 29,Feira de Santana -  BA,"Hoje, 20:49",https://ba.olx.com.br/regiao-de-feira-de-santana-e-alagoinhas/celulares/capa-bolsa-prova-d-agua-universal-ate-6-polegadas-novo-na-caixa-1100741784,2022-10-23
1100741761,Troco IPhone 8 Plus por Xr ou XS com volta da minha parte ,R$ 1.700,São Gonçalo -  RJ,"Hoje, 20:48",https://rj.olx.com.br/rio-de-janeiro-e-regiao/celulares/troco-iphone-8-plus-por-xr-ou-xs-com-volta-da-minha-parte-1100741761,2022-10-23
1100741753,Vende-se iPhone XR 64GB,R$ 2.300,Londrina -  PR,"Hoje, 20:48",https://pr.olx.com.br/regiao-de-londrina/celulares/vende-se-iphone-xr-64gb-1100741753,2022-10-23
1088354047,Xiaomi Redmi Note 11 Pro 5G (Snapdragon) Dual SIM 128 GB graphite gray 8 GB RAM,R$ 2.050,Santos -  SP,"Hoje, 20:48",https://sp.olx.com.br/baixada-santista-e-litoral-sul/celulares/xiaomi-redmi-note-11-pro-5g-snapdragon-dual-sim-128-gb-graphite-gray-8-gb-ram-1088354047,2022-10-23
1100722767,iPhone 13 Pro Max ,R$ 6.000,São Paulo -  SP,"Hoje, 20:48",https://sp.olx.com.br/sao-paulo-e-regiao/celulares/iphone-13-pro-max-1100722767,2022-10-23
1065051781,Iphone 11 pro na promoção ,R$ 2.997,Balneário Camboriú -  SC,"Hoje, 20:48",https://sc.olx.com.br/norte-de-santa-catarina/celulares/iphone-11-pro-na-promocao-1065051781,2022-10-23
1100741732,iPhone 8 Plus red ,R$ 1.700,São Gonçalo -  RJ,"Hoje, 20:48",https://rj.olx.com.br/rio-de-janeiro-e-regiao/celulares/iphone-8-plus-red-1100741732,2022-10-23
1100741661,Samsung A22 zero completo,R$ 800,São Paulo -  SP,"Hoje, 20:48",https://sp.olx.com.br/sao-paulo-e-regiao/celulares/samsung-a22-zero-completo-1100741661,2022-10-23
1100741626,Vendo Iphone 11 ,R$ 1.500,Nazaré da Mata -  PE,"Hoje, 20:48",https://pe.olx.com.br/grande-recife/celulares/vendo-iphone-11-1100741626,2022-10-23
1100741616,IPhone 8 64gb,R$ 750,Joinville -  SC,"Hoje, 20:48",https://sc.olx.com.br/norte-de-santa-catarina/celulares/iphone-8-64gb-1100741616,2022-10-23
1100741618,iPhone XR,R$ 2.100,Rio de Janeiro -  RJ,"Hoje, 20:48",https://rj.olx.com.br/rio-de-janeiro-e-regiao/celulares/iphone-xr-1100741618,2022-10-23
1100741589,iPhone 8,R$ 1.000,Contagem -  MG,"Hoje, 20:47",https://mg.olx.com.br/belo-horizonte-e-regiao/celulares/iphone-8-1100741589,2022-10-23
1100741592,Smartwatch d20,R$ 55,Palmas -  TO,"Hoje, 20:47",https://to.olx.com.br/tocantins/celulares/smartwatch-d20-1100741592,2022-10-23
650232930,Cabo Usb 3.0a X-cell V8 para Ps4 e Xbox One,,Florianópolis -  SC,"Hoje, 20:47",https://sc.olx.com.br/florianopolis-e-regiao/celulares/cabo-usb-3-0a-x-cell-v8-para-ps4-e-xbox-one-650232930,2022-10-23
997564785,Display Original C/Aro A10 (Lojas WIKI),R$ 350,São Luís -  MA,"Hoje, 20:47",https://ma.olx.com.br/regiao-de-sao-luis/celulares/display-original-c-aro-a10-lojas-wiki-997564785,2022-10-23
1026667774,Iphone X Troca de Frontal (Lojas WIKI),R$ 640,São Luís -  MA,"Hoje, 20:47",https://ma.olx.com.br/regiao-de-sao-luis/celulares/iphone-x-troca-de-frontal-lojas-wiki-1026667774,2022-10-23
1100741551,Apple watch ,R$ 2.000,Pinheiro -  MA,"Hoje, 20:47",https://ma.olx.com.br/regiao-de-sao-luis/celulares/apple-watch-1100741551,2022-10-23
1024621906,Xiaomi Redmi 10 - 64GB / 4GB RAM,R$ 1.390,Palmas -  TO,"Hoje, 20:47",https://to.olx.com.br/tocantins/celulares/xiaomi-redmi-10-64gb-4gb-ram-1024621906,2022-10-23
998000106,Troca de Touch J2 Prime (Lojas WIKI),R$ 70,São Luís -  MA,"Hoje, 20:47",https://ma.olx.com.br/regiao-de-sao-luis/celulares/troca-de-touch-j2-prime-lojas-wiki-998000106,2022-10-23
996314481,Troca de Bateria LG (Lojas WIKI),R$ 150,São Luís -  MA,"Hoje, 20:47",https://ma.olx.com.br/regiao-de-sao-luis/celulares/troca-de-bateria-lg-lojas-wiki-996314481,2022-10-23
1019449618,Touch e Display Iphone 7G (Lojas WIKI),R$ 250,São Luís -  MA,"Hoje, 20:47",https://ma.olx.com.br/regiao-de-sao-luis/celulares/touch-e-display-iphone-7g-lojas-wiki-1019449618,2022-10-23
1008324844,Consulte-nos!! Troca de Tela A20 (Lojas WIKI),R$ 350,São Luís -  MA,"Hoje, 20:47",https://ma.olx.com.br/regiao-de-sao-luis/celulares/consulte-nos-troca-de-tela-a20-lojas-wiki-1008324844,2022-10-23
1009877368,Display Samsung A10 Original (Lojas WIKI),R$ 330,São Luís -  MA,"Hoje, 20:47",https://ma.olx.com.br/regiao-de-sao-luis/celulares/display-samsung-a10-original-lojas-wiki-1009877368,2022-10-23
1019930698,Troca de Tela A20 (Lojas WIKI),R$ 350,São Luís -  MA,"Hoje, 20:47",https://ma.olx.com.br/regiao-de-sao-luis/celulares/troca-de-tela-a20-lojas-wiki-1019930698,2022-10-23
1068746052,"Celular Xiaomi Note 11 Memória 128 GB, Lacrado + nota fiscal (Wiki . Loja fisíca na cohab)",R$ 1.400,São Luís -  MA,"Hoje, 20:47",https://ma.olx.com.br/regiao-de-sao-luis/celulares/celular-xiaomi-note-11-memoria-128-gb-lacrado-nota-fiscal-wiki-loja-fisica-na-cohab-1068746052,2022-10-23
1008918350,Consulte-nos!! Troca de Bateria Motorola (Lojas WIKI),,São Luís -  MA,"Hoje, 20:47",https://ma.olx.com.br/regiao-de-sao-luis/celulares/consulte-nos-troca-de-bateria-motorola-lojas-wiki-1008918350,2022-10-23
996725321,Troca de Tela J7 Prime Servico Incluso (Lojas WIKI),R$ 250,São Luís -  MA,"Hoje, 20:47",https://ma.olx.com.br/regiao-de-sao-luis/celulares/troca-de-tela-j7-prime-servico-incluso-lojas-wiki-996725321,2022-10-23
1100741526,Asus Zenfone max plus 32gb,R$ 750,Belo Horizonte -  MG,"Hoje, 20:47",https://mg.olx.com.br/belo-horizonte-e-regiao/celulares/asus-zenfone-max-plus-32gb-1100741526,2022-10-23
1067351562,"Iphone 13 128gb Midnight Black [Lacrado, NF e 1 ano de garantia]",R$ 5.999,Fortaleza -  CE,"Hoje, 20:47",https://ce.olx.com.br/fortaleza-e-regiao/celulares/iphone-13-128gb-midnight-black-lacrado-nf-e-1-ano-de-garantia-1067351562,2022-10-23
1096867267,Iphone 11Pro 512GB,R$ 4.500,Belém -  PA,"Hoje, 20:47",https://pa.olx.com.br/regiao-de-belem/celulares/iphone-11pro-512gb-1096867267,2022-10-23
1100741435,Mudanças do Rodrigo ,R$ 5,Manaus -  AM,"Hoje, 20:47",https://am.olx.com.br/regiao-de-manaus/celulares/mudancas-do-rodrigo-1100741435,2022-10-23
1100741419,iPhone 7 Plus 128 gigas ,R$ 1.000,São José dos Campos -  SP,"Hoje, 20:47",https://sp.olx.com.br/vale-do-paraiba-e-litoral-norte/celulares/iphone-7-plus-128-gigas-1100741419,2022-10-23
1100741305,IPHONE SE 2 GERAÇÃO ,R$ 1.550,Maceió -  AL,"Hoje, 20:46",https://al.olx.com.br/alagoas/celulares/iphone-se-2-geracao-1100741305,2022-10-23
1100741309,iPhone 6s 32GB,R$ 700,São Gonçalo -  RJ,"Hoje, 20:46",https://rj.olx.com.br/rio-de-janeiro-e-regiao/celulares/iphone-6s-32gb-1100741309,2022-10-23
1100741327,LG L Bello,R$ 170,Belo Horizonte -  MG,"Hoje, 20:46",https://mg.olx.com.br/belo-horizonte-e-regiao/celulares/lg-l-bello-1100741327,2022-10-23
1100741330,iPhone 12 128gb,R$ 4.500,Belém -  PA,"Hoje, 20:46",https://pa.olx.com.br/regiao-de-belem/celulares/iphone-12-128gb-1100741330,2022-10-23
1100741334,J5 prime,R$ 300,Pinhais -  PR,"Hoje, 20:46",https://pr.olx.com.br/regiao-de-curitiba-e-paranagua/celulares/j5-prime-1100741334,2022-10-23
1100741337,iPhone 8,R$ 1.500,Guarapari -  ES,"Hoje, 20:46",https://es.olx.com.br/norte-do-espirito-santo/celulares/iphone-8-1100741337,2022-10-23
1100741350,Fone original apple - entrega grátis - 1 ano de garantia,R$ 150,Fortaleza -  CE,"Hoje, 20:46",https://ce.olx.com.br/fortaleza-e-regiao/celulares/fone-original-apple-entrega-gratis-1-ano-de-garantia-1100741350,2022-10-23
1100741367,iPhone xr 128 GB Branco ,R$ 2.250,Osasco -  SP,"Hoje, 20:46",https://sp.olx.com.br/sao-paulo-e-regiao/celulares/iphone-xr-128-gb-branco-1100741367,2022-10-23
1100741372,Telefone celular,R$ 100,Santarém -  PA,"Hoje, 20:46",https://pa.olx.com.br/regiao-de-santarem/celulares/telefone-celular-1100741372,2022-10-23
1100741374,IPHONE 13 PRO MAX 128 g,R$ 6.400,Anápolis -  GO,"Hoje, 20:46",https://go.olx.com.br/grande-goiania-e-anapolis/celulares/iphone-13-pro-max-128-g-1100741374,2022-10-23
1100741376,iPhone 7 32gb - único dono,R$ 900,Maringá -  PR,"Hoje, 20:46",https://pr.olx.com.br/regiao-de-maringa/celulares/iphone-7-32gb-unico-dono-1100741376,2022-10-23
1100741377,Vendo ou troco LG K52 semi novo ,R$ 700,Lagarto -  SE,"Hoje, 20:46",https://se.olx.com.br/sergipe/celulares/vendo-ou-troco-lg-k52-semi-novo-1100741377,2022-10-23
1100741383,Carregador original Appel,R$ 800,São Paulo -  SP,"Hoje, 20:46",https://sp.olx.com.br/sao-paulo-e-regiao/celulares/carregador-original-appel-1100741383,2022-10-23
1100741400,Redmi Note 10s 128Gb 6Gb RAM,R$ 1.300,São Luís -  MA,"Hoje, 20:46",https://ma.olx.com.br/regiao-de-sao-luis/celulares/redmi-note-10s-128gb-6gb-ram-1100741400,2022-10-23
1100741286,IPhone 11 64Gb,R$ 2.799,Parnamirim -  RN,"Hoje, 20:46",https://rn.olx.com.br/rio-grande-do-norte/celulares/iphone-11-64gb-1100741286,2022-10-23
1100741291,Vende celular,R$ 2.500,Feira de Santana -  BA,"Hoje, 20:46",https://ba.olx.com.br/regiao-de-feira-de-santana-e-alagoinhas/celulares/vende-celular-1100741291,2022-10-23
1100741294,MOTO G 60  128 GB,R$ 1.400,Santarém -  PA,"Hoje, 20:46",https://pa.olx.com.br/regiao-de-santarem/celulares/moto-g-60-128-gb-1100741294,2022-10-23
1100741299,Samsung Galaxy Z Flip3 - 5G,R$ 3.950,Jaraguá do Sul -  SC,"Hoje, 20:46",https://sc.olx.com.br/norte-de-santa-catarina/celulares/samsung-galaxy-z-flip3-5g-1100741299,2022-10-23
789811049,Pulseira Lisa Xiaomi Mi Band2 Mi Band3 e Mi Band 4,R$ 20,Salvador -  BA,"Hoje, 20:46",https://ba.olx.com.br/grande-salvador/celulares/pulseira-lisa-xiaomi-mi-band2-mi-band3-e-mi-band-4-789811049,2022-10-23
1100741276,Apple Watch série 5 44mm,R$ 1.250,Anápolis -  GO,"Hoje, 20:46",https://go.olx.com.br/grande-goiania-e-anapolis/celulares/apple-watch-serie-5-44mm-1100741276,2022-10-23
1100741260,Vender tudo 250,R$ 250,Goiânia -  GO,"Hoje, 20:46",https://go.olx.com.br/grande-goiania-e-anapolis/celulares/vender-tudo-250-1100741260,2022-10-23
801012664,Capinha com proteção de Câmera Iphone XR 7 Plus 8 Plus 11 11 Pro e 11 Pro Max ,R$ 30,Salvador -  BA,"Hoje, 20:46",https://ba.olx.com.br/grande-salvador/celulares/capinha-com-protecao-de-camera-iphone-xr-7-plus-8-plus-11-11-pro-e-11-pro-max-801012664,2022-10-23
1031436449,Capa case Samsung Galaxy Note 20 ultra,R$ 35,Salvador -  BA,"Hoje, 20:46",https://ba.olx.com.br/grande-salvador/celulares/capa-case-samsung-galaxy-note-20-ultra-1031436449,2022-10-23
1100741180,A30s barato Leia o anúncio funcionando tudo 64 gigas,R$ 550,Piau -  MG,"Hoje, 20:46",https://mg.olx.com.br/regiao-de-juiz-de-fora/celulares/a30s-barato-leia-o-anuncio-funcionando-tudo-64-gigas-1100741180,2022-10-23
1100741175,Samsung watch 4 44 mm preto,R$ 1.099,Brasília -  DF,"Hoje, 20:46",https://df.olx.com.br/distrito-federal-e-regiao/celulares/samsung-watch-4-44-mm-preto-1100741175,2022-10-23
1091856091,IPhone xr ,R$ 1.800,Brasília -  DF,"Hoje, 20:46",https://df.olx.com.br/distrito-federal-e-regiao/celulares/iphone-xr-1091856091,2022-10-23
1100741157,Iphone XS 64gb Gold Impecável,R$ 1.900,Curitiba -  PR,"Hoje, 20:46",https://pr.olx.com.br/regiao-de-curitiba-e-paranagua/celulares/iphone-xs-64gb-gold-impecavel-1100741157,2022-10-23
755384721,Celular Xiaomi Redmi 8A 32GB Versão Global,,Florianópolis -  SC,"Hoje, 20:46",https://sc.olx.com.br/florianopolis-e-regiao/celulares/celular-xiaomi-redmi-8a-32gb-versao-global-755384721,2022-10-23
1055522972,iPhone XS Max 256 GB ! sem Face ID ! acompanha todos os acessórios ! ,R$ 2.799,Recife -  PE,"Hoje, 20:46",https://pe.olx.com.br/grande-recife/celulares/iphone-xs-max-256-gb-sem-face-id-acompanha-todos-os-acessorios-1055522972,2022-10-23
958141652,Pulseira Metal Milanesa Xiaomi Mi Band 5 e 6 ,R$ 50,Salvador -  BA,"Hoje, 20:46",https://ba.olx.com.br/grande-salvador/celulares/pulseira-metal-milanesa-xiaomi-mi-band-5-e-6-958141652,2022-10-23
1074489255,"iPhone SE 2 geração , SOMOS LOJA FÍSICA! ",R$ 1.950,Recife -  PE,"Hoje, 20:46",https://pe.olx.com.br/grande-recife/celulares/iphone-se-2-geracao-somos-loja-fisica-1074489255,2022-10-23
1076053025,IPhone XS Max 256gb Preto - aceitamos seu iPhone usado de entrada como parte do pagamento ,R$ 2.850,Recife -  PE,"Hoje, 20:46",https://pe.olx.com.br/grande-recife/celulares/iphone-xs-max-256gb-preto-aceitamos-seu-iphone-usado-de-entrada-como-parte-do-pagamento-1076053025,2022-10-23
1063379490,A22 128gb 4ram,R$ 1.485,Barueri -  SP,"Hoje, 20:46",https://sp.olx.com.br/sao-paulo-e-regiao/celulares/a22-128gb-4ram-1063379490,2022-10-23
886957340,Película 3d vidro xiaomi redmi note 10,R$ 25,Salvador -  BA,"Hoje, 20:45",https://ba.olx.com.br/grande-salvador/celulares/pelicula-3d-vidro-xiaomi-redmi-note-10-886957340,2022-10-23
1100433655,"Samsung Galaxy A22 , 128 GB , 4 de RAM vendo ou troco com volta aceito cartão ",R$ 900,Macapá -  AP,"Hoje, 20:45",https://ap.olx.com.br/amapa/celulares/samsung-galaxy-a22-128-gb-4-de-ram-vendo-ou-troco-com-volta-aceito-cartao-1100433655,2022-10-23
1100741051,iPhone 11 97% de bateria com caixa e acessórios,R$ 2.900,Natal -  RN,"Hoje, 20:45",https://rn.olx.com.br/rio-grande-do-norte/celulares/iphone-11-97-de-bateria-com-caixa-e-acessorios-1100741051,2022-10-23
1100741038,Troco iPhone XS Max  ,R$ 2.500,Rio de Janeiro -  RJ,"Hoje, 20:45",https://rj.olx.com.br/rio-de-janeiro-e-regiao/celulares/troco-iphone-xs-max-1100741038,2022-10-23
1100741027,iPhone 7 red 128gb bateria ? 92%,R$ 350,Osasco -  SP,"Hoje, 20:45",https://sp.olx.com.br/sao-paulo-e-regiao/celulares/iphone-7-red-128gb-bateria-92-1100741027,2022-10-23
1100741020,Iphone 13,R$ 3.900,Salvador -  BA,"Hoje, 20:45",https://ba.olx.com.br/grande-salvador/celulares/iphone-13-1100741020,2022-10-23
1100741012,Vendo sansung a10 todo bom ,R$ 230,Nossa Senhora do Socorro -  SE,"Hoje, 20:45",https://se.olx.com.br/sergipe/celulares/vendo-sansung-a10-todo-bom-1100741012,2022-10-23
1100741000,IPhone 7 32 gb poucas marcas de uso  600$,R$ 600,Belo Horizonte -  MG,"Hoje, 20:45",https://mg.olx.com.br/belo-horizonte-e-regiao/celulares/iphone-7-32-gb-poucas-marcas-de-uso-600-1100741000,2022-10-23
1094813328,iPhone 14 Pro Max Novo,R$ 9.099,Teresina -  PI,"Hoje, 20:45",https://pi.olx.com.br/regiao-de-teresina-e-parnaiba/celulares/iphone-14-pro-max-novo-1094813328,2022-10-23
1100740961,iPhone 6 s tudo funciona só vidro da tela quebrada,R$ 300,Várzea Paulista -  SP,"Hoje, 20:45",https://sp.olx.com.br/sao-paulo-e-regiao/celulares/iphone-6-s-tudo-funciona-so-vidro-da-tela-quebrada-1100740961,2022-10-23
1095358920,REDMI NOTE 11 128GB/6GB LACRADO GARANTIA 03 MESES ,R$ 1.349,Salvador -  BA,"Hoje, 20:45",https://ba.olx.com.br/grande-salvador/celulares/redmi-note-11-128gb-6gb-lacrado-garantia-03-meses-1095358920,2022-10-23
997462723,iPhone 8 64Gb Preto Semi ,R$ 1.699,Maringá -  PR,"Hoje, 20:44",https://pr.olx.com.br/regiao-de-maringa/celulares/iphone-8-64gb-preto-semi-997462723,2022-10-23
1100740827,Guincho Boa vista,,Boa Vista -  RR,"Hoje, 20:44",https://rr.olx.com.br/roraima/celulares/guincho-boa-vista-1100740827,2022-10-23
1100740843,Guincho Menor preço,,Boa Vista -  RR,"Hoje, 20:44",https://rr.olx.com.br/roraima/celulares/guincho-menor-preco-1100740843,2022-10-23
1100740849,iPhone xr,R$ 3.000,Recife -  PE,"Hoje, 20:44",https://pe.olx.com.br/grande-recife/celulares/iphone-xr-1100740849,2022-10-23
1090772863,Iphone 11 128 lacrado,R$ 3.599,Manaus -  AM,"Hoje, 20:44",https://am.olx.com.br/regiao-de-manaus/celulares/iphone-11-128-lacrado-1090772863,2022-10-23
1100740477,Iphone 11 pro max ,R$ 3.100,Rio de Janeiro -  RJ,"Hoje, 20:44",https://rj.olx.com.br/rio-de-janeiro-e-regiao/celulares/iphone-11-pro-max-1100740477,2022-10-23
1100740481,Samsung m31 excelente ,R$ 650,Ananindeua -  PA,"Hoje, 20:44",https://pa.olx.com.br/regiao-de-belem/celulares/samsung-m31-excelente-1100740481,2022-10-23
1100740482,iPad Air ,R$ 900,Goiânia -  GO,"Hoje, 20:44",https://go.olx.com.br/grande-goiania-e-anapolis/celulares/ipad-air-1100740482,2022-10-23
1100740490,Moto E7 64gb ,R$ 500,Salvador -  BA,"Hoje, 20:44",https://ba.olx.com.br/grande-salvador/celulares/moto-e7-64gb-1100740490,2022-10-23
1100740495,iPhone XR seminovo ,R$ 2.200,Suzano -  SP,"Hoje, 20:44",https://sp.olx.com.br/sao-paulo-e-regiao/celulares/iphone-xr-seminovo-1100740495,2022-10-23
1100740498,Iphone 11 Pro 64gb,R$ 3.000,São Paulo -  SP,"Hoje, 20:44",https://sp.olx.com.br/sao-paulo-e-regiao/celulares/iphone-11-pro-64gb-1100740498,2022-10-23
1100740500,MI 11 LITE 128GB,R$ 1.900,Curitiba -  PR,"Hoje, 20:44",https://pr.olx.com.br/regiao-de-curitiba-e-paranagua/celulares/mi-11-lite-128gb-1100740500,2022-10-23
1100740505,Troco por IPhone 11 ou Superior C/ Volta Minha ,,Salvador -  BA,"Hoje, 20:44",https://ba.olx.com.br/grande-salvador/celulares/troco-por-iphone-11-ou-superior-c-volta-minha-1100740505,2022-10-23
1100740512,iPhone 7 Plus Gold 32gb (÷ cartão de crédito),R$ 1.250,Brasília -  DF,"Hoje, 20:44",https://df.olx.com.br/distrito-federal-e-regiao/celulares/iphone-7-plus-gold-32gb-cartao-de-credito-1100740512,2022-10-23
1100740514,iPhone ,R$ 1.500,São Paulo -  SP,"Hoje, 20:44",https://sp.olx.com.br/sao-paulo-e-regiao/celulares/iphone-1100740514,2022-10-23
1100740520,IPHONE 8 ,R$ 900,CamaÃ§ari -  BA,"Hoje, 20:44",https://ba.olx.com.br/grande-salvador/celulares/iphone-8-1100740520,2022-10-23
1100740532,Moto one ,R$ 500,Pinhais -  PR,"Hoje, 20:44",https://pr.olx.com.br/regiao-de-curitiba-e-paranagua/celulares/moto-one-1100740532,2022-10-23
1100740535,Samsung Galaxy Gran Prime Duos,R$ 220,São Paulo -  SP,"Hoje, 20:44",https://sp.olx.com.br/sao-paulo-e-regiao/celulares/samsung-galaxy-gran-prime-duos-1100740535,2022-10-23
1100740539,Iphone x 256 aceito ps4 mais celular,R$ 3.000,Nilópolis -  RJ,"Hoje, 20:44",https://rj.olx.com.br/rio-de-janeiro-e-regiao/celulares/iphone-x-256-aceito-ps4-mais-celular-1100740539,2022-10-23
1100740543,Troco por iPhone xiaomi note 10 pro max,R$ 0,Trindade -  GO,"Hoje, 20:44",https://go.olx.com.br/grande-goiania-e-anapolis/celulares/troco-por-iphone-xiaomi-note-10-pro-max-1100740543,2022-10-23
1100740546,Motorola g31,R$ 800,Maricá -  RJ,"Hoje, 20:44",https://rj.olx.com.br/rio-de-janeiro-e-regiao/celulares/motorola-g31-1100740546,2022-10-23
1100740548,Motorola Edge 30 Pro 5G Branco Pérola (Novo)!!!,R$ 2.899,São Paulo -  SP,"Hoje, 20:44",https://sp.olx.com.br/sao-paulo-e-regiao/celulares/motorola-edge-30-pro-5g-branco-perola-novo-1100740548,2022-10-23
1100740549,IPhone 8 Plus 64,R$ 1.400,São Luís -  MA,"Hoje, 20:44",https://ma.olx.com.br/regiao-de-sao-luis/celulares/iphone-8-plus-64-1100740549,2022-10-23
1100740551,iPhone 11,R$ 2.800,Cariacica -  ES,"Hoje, 20:44",https://es.olx.com.br/norte-do-espirito-santo/celulares/iphone-11-1100740551,2022-10-23
1100740565,IPHONE XR 64GB COM NOTA BLACK,R$ 1.540,Brasília -  DF,"Hoje, 20:44",https://df.olx.com.br/distrito-federal-e-regiao/celulares/iphone-xr-64gb-com-nota-black-1100740565,2022-10-23
1100740567,S9 vendo ou troco ,R$ 600,Uberlândia -  MG,"Hoje, 20:44",https://mg.olx.com.br/regiao-de-uberlandia-e-uberaba/celulares/s9-vendo-ou-troco-1100740567,2022-10-23
1100740568,Samsung galáxi a32 ,R$ 750,Curitiba -  PR,"Hoje, 20:44",https://pr.olx.com.br/regiao-de-curitiba-e-paranagua/celulares/samsung-galaxi-a32-1100740568,2022-10-23
1100740569,Carregador IPAD 2,R$ 30,São Paulo -  SP,"Hoje, 20:44",https://sp.olx.com.br/sao-paulo-e-regiao/celulares/carregador-ipad-2-1100740569,2022-10-23
1100740573,iPhone 11,R$ 2.100,São Vicente -  SP,"Hoje, 20:44",https://sp.olx.com.br/baixada-santista-e-litoral-sul/celulares/iphone-11-1100740573,2022-10-23
1100740578,Vende-se celular Xiaomi Mi A2,R$ 800,São Vicente -  SP,"Hoje, 20:44",https://sp.olx.com.br/baixada-santista-e-litoral-sul/celulares/vende-se-celular-xiaomi-mi-a2-1100740578,2022-10-23
1100740586,"Apple Watch Series 7 (GPS, 45mm) - Azul",R$ 2.750,Cerquilho -  SP,"Hoje, 20:44",https://sp.olx.com.br/regiao-de-sorocaba/celulares/apple-watch-series-7-gps-45mm-azul-1100740586,2022-10-23
1100740591,SMARTPHONE REDMI NOTE 8 ,R$ 750,Recife -  PE,"Hoje, 20:44",https://pe.olx.com.br/grande-recife/celulares/smartphone-redmi-note-8-1100740591,2022-10-23
1100740592,IPhone 6,R$ 699,Brasília -  DF,"Hoje, 20:44",https://df.olx.com.br/distrito-federal-e-regiao/celulares/iphone-6-1100740592,2022-10-23
1100740596,iPhone X 64g,R$ 1.500,Niterói -  RJ,"Hoje, 20:44",https://rj.olx.com.br/rio-de-janeiro-e-regiao/celulares/iphone-x-64g-1100740596,2022-10-23
1100740597,Projetor moto z2,R$ 500,Porto Alegre -  RS,"Hoje, 20:44",https://rs.olx.com.br/regioes-de-porto-alegre-torres-e-santa-cruz-do-sul/celulares/projetor-moto-z2-1100740597,2022-10-23
1100740601,S22 256/8 ,R$ 3.200,Brasília -  DF,"Hoje, 20:44",https://df.olx.com.br/distrito-federal-e-regiao/celulares/s22-256-8-1100740601,2022-10-23
1100740632,Moto G5 tudo funcionando ,R$ 250,Rio de Janeiro -  RJ,"Hoje, 20:44",https://rj.olx.com.br/rio-de-janeiro-e-regiao/celulares/moto-g5-tudo-funcionando-1100740632,2022-10-23
1100740641,Celular Semp go3e sem nenhum arranhão ,R$ 200,Manaus -  AM,"Hoje, 20:44",https://am.olx.com.br/regiao-de-manaus/celulares/celular-semp-go3e-sem-nenhum-arranhao-1100740641,2022-10-23
1100740642, IPhone 8 Plus ,R$ 900,Imbituba -  SC,"Hoje, 20:44",https://sc.olx.com.br/florianopolis-e-regiao/celulares/iphone-8-plus-1100740642,2022-10-23
1100740647,iPhone xr 64 Gb ,R$ 1.600,Lambari -  MG,"Hoje, 20:44",https://mg.olx.com.br/regiao-de-pocos-de-caldas-e-varginha/celulares/iphone-xr-64-gb-1100740647,2022-10-23
1100740649,Motorola moto G7 plus ,R$ 700,João Pessoa -  PB,"Hoje, 20:44",https://pb.olx.com.br/paraiba/celulares/motorola-moto-g7-plus-1100740649,2022-10-23
1100740319,Redmi note 9 128gb ,R$ 600,Curitiba -  PR,"Hoje, 20:44",https://pr.olx.com.br/regiao-de-curitiba-e-paranagua/celulares/redmi-note-9-128gb-1100740319,2022-10-23
1100740325,MOTO G8 64gb LEIA,R$ 600,Ribeirão das Neves -  MG,"Hoje, 20:44",https://mg.olx.com.br/belo-horizonte-e-regiao/celulares/moto-g8-64gb-leia-1100740325,2022-10-23
1100740329,Apple Watch 7 41mm vermelho,R$ 2.050,Feira de Santana -  BA,"Hoje, 20:44",https://ba.olx.com.br/regiao-de-feira-de-santana-e-alagoinhas/celulares/apple-watch-7-41mm-vermelho-1100740329,2022-10-23
1100740334,Moto G9 64gb e 4gb ram top V/T,R$ 680,Vila Velha -  ES,"Hoje, 20:44",https://es.olx.com.br/norte-do-espirito-santo/celulares/moto-g9-64gb-e-4gb-ram-top-v-t-1100740334,2022-10-23
1100740346,Vendo Samsung  A11,R$ 500,Colombo -  PR,"Hoje, 20:44",https://pr.olx.com.br/regiao-de-curitiba-e-paranagua/celulares/vendo-samsung-a11-1100740346,2022-10-23
1100740348,"Galaxy s21 ultra 256GB, 12 de ram",R$ 2.500,Rio de Janeiro -  RJ,"Hoje, 20:44",https://rj.olx.com.br/rio-de-janeiro-e-regiao/celulares/galaxy-s21-ultra-256gb-12-de-ram-1100740348,2022-10-23
1100740350,Motog6 funciona perfeitamente,R$ 450,Sorocaba -  SP,"Hoje, 20:44",https://sp.olx.com.br/regiao-de-sorocaba/celulares/motog6-funciona-perfeitamente-1100740350,2022-10-23
1100740358,J7 ,R$ 250,Ribeirão Preto -  SP,"Hoje, 20:44",https://sp.olx.com.br/regiao-de-ribeirao-preto/celulares/j7-1100740358,2022-10-23
1100740369,Aparelho OTDR marca Viavi com nota fiscal ,R$ 6.500,Cotia -  SP,"Hoje, 20:44",https://sp.olx.com.br/sao-paulo-e-regiao/celulares/aparelho-otdr-marca-viavi-com-nota-fiscal-1100740369,2022-10-23
1100740372,iPhone 12 branco ,R$ 3.599,Betim -  MG,"Hoje, 20:44",https://mg.olx.com.br/belo-horizonte-e-regiao/celulares/iphone-12-branco-1100740372,2022-10-23
1100740384,Motorola Edge 30 256 GB (Novo),R$ 2.249,São Paulo -  SP,"Hoje, 20:44",https://sp.olx.com.br/sao-paulo-e-regiao/celulares/motorola-edge-30-256-gb-novo-1100740384,2022-10-23
1100740387,Xiaome mi 11 lite ,R$ 1.400,Natal -  RN,"Hoje, 20:44",https://rn.olx.com.br/rio-grande-do-norte/celulares/xiaome-mi-11-lite-1100740387,2022-10-23
1100740396,Samsung A10S,R$ 600,São Paulo -  SP,"Hoje, 20:44",https://sp.olx.com.br/sao-paulo-e-regiao/celulares/samsung-a10s-1100740396,2022-10-23
1100740397,IPHONE X 64g,R$ 2.000,Florianópolis -  SC,"Hoje, 20:44",https://sc.olx.com.br/florianopolis-e-regiao/celulares/iphone-x-64g-1100740397,2022-10-23
1100740403,iPhone ,R$ 1.100,Brasília -  DF,"Hoje, 20:44",https://df.olx.com.br/distrito-federal-e-regiao/celulares/iphone-1100740403,2022-10-23
1100740408,Redmi 2,R$ 220,Campo Grande -  MS,"Hoje, 20:44",https://ms.olx.com.br/mato-grosso-do-sul/celulares/redmi-2-1100740408,2022-10-23
1100740408,Redmi 2,R$ 220,Campo Grande -  MS,"Hoje, 20:44",https://ms.olx.com.br/mato-grosso-do-sul/celulares/redmi-2-1100740408,2022-10-23
1100740415,AirPods 2. Garantia até 2023 ,R$ 780,Natal -  RN,"Hoje, 20:44",https://rn.olx.com.br/rio-grande-do-norte/celulares/airpods-2-garantia-ate-2023-1100740415,2022-10-23
1100740417,NÃO PERCA VENDA,,Manaus -  AM,"Hoje, 20:44",https://am.olx.com.br/regiao-de-manaus/celulares/nao-perca-venda-1100740417,2022-10-23
1100740423,"iPhone 12 pro max branco 256bg, em perfeito estado ",R$ 6.000,Capitão Enéas -  MG,"Hoje, 20:44",https://mg.olx.com.br/regiao-de-montes-claros-e-diamantina/celulares/iphone-12-pro-max-branco-256bg-em-perfeito-estado-1100740423,2022-10-23
1100740443,Samsung Galaxy J4,R$ 250,Rio de Janeiro -  RJ,"Hoje, 20:44",https://rj.olx.com.br/rio-de-janeiro-e-regiao/celulares/samsung-galaxy-j4-1100740443,2022-10-23
1100740445,Celular MOTO G22 NOVO!!!!,R$ 1.000,Manaus -  AM,"Hoje, 20:44",https://am.olx.com.br/regiao-de-manaus/celulares/celular-moto-g22-novo-1100740445,2022-10-23
1100740446,Samsung S20 plus,R$ 2.100,Recife -  PE,"Hoje, 20:44",https://pe.olx.com.br/grande-recife/celulares/samsung-s20-plus-1100740446,2022-10-23
1100740452,Moto G6 normal 32gb,R$ 550,Caucaia -  CE,"Hoje, 20:44",https://ce.olx.com.br/fortaleza-e-regiao/celulares/moto-g6-normal-32gb-1100740452,2022-10-23
1100740456,Relógio Smart Watch série 5 ,R$ 2.500,São Luís -  MA,"Hoje, 20:44",https://ma.olx.com.br/regiao-de-sao-luis/celulares/relogio-smart-watch-serie-5-1100740456,2022-10-23
1100740459,Vendo,R$ 850,Curitiba -  PR,"Hoje, 20:44",https://pr.olx.com.br/regiao-de-curitiba-e-paranagua/celulares/vendo-1100740459,2022-10-23
1100740460,iPhone 7 128gb estado de novo com caixa,R$ 1.150,Porto Alegre -  RS,"Hoje, 20:44",https://rs.olx.com.br/regioes-de-porto-alegre-torres-e-santa-cruz-do-sul/celulares/iphone-7-128gb-estado-de-novo-com-caixa-1100740460,2022-10-23
1100740466,Celular Samusung Galaxy S6,R$ 660,São Paulo -  SP,"Hoje, 20:44",https://sp.olx.com.br/sao-paulo-e-regiao/celulares/celular-samusung-galaxy-s6-1100740466,2022-10-23
1100740470,S22 ultra ,R$ 5.000,Salvador -  BA,"Hoje, 20:44",https://ba.olx.com.br/grande-salvador/celulares/s22-ultra-1100740470,2022-10-23
1100740471,Vendo redmi note 9 pro,R$ 1.100,Uberlândia -  MG,"Hoje, 20:44",https://mg.olx.com.br/regiao-de-uberlandia-e-uberaba/celulares/vendo-redmi-note-9-pro-1100740471,2022-10-23
1100740472,iPhone 12 64gb,R$ 3.500,Osasco -  SP,"Hoje, 20:44",https://sp.olx.com.br/sao-paulo-e-regiao/celulares/iphone-12-64gb-1100740472,2022-10-23
1100740473,Vendo celular moto G8 power lite 64gb,R$ 700,Salvador -  BA,"Hoje, 20:44",https://ba.olx.com.br/grande-salvador/celulares/vendo-celular-moto-g8-power-lite-64gb-1100740473,2022-10-23
1100740476,iPhone 6s,R$ 850,Rio Branco -  AC,"Hoje, 20:44",https://ac.olx.com.br/acre/celulares/iphone-6s-1100740476,2022-10-23
1100740277,Sansung ,R$ 70,Criciúma -  SC,"Hoje, 20:44",https://sc.olx.com.br/florianopolis-e-regiao/celulares/sansung-1100740277,2022-10-23
1099115609,iPhone x 256gb tela original ,R$ 1.800,São Paulo -  SP,"Hoje, 20:44",https://sp.olx.com.br/sao-paulo-e-regiao/celulares/iphone-x-256gb-tela-original-1099115609,2022-10-23
1100740222,Motorola Edge 128gb Solar Black. Completo. Aceito troca,R$ 1.499,Curitiba -  PR,"Hoje, 20:43",https://pr.olx.com.br/regiao-de-curitiba-e-paranagua/celulares/motorola-edge-128gb-solar-black-completo-aceito-troca-1100740222,2022-10-23
1100740220,Amazfit X. Smartwatch,R$ 400,Volta Redonda -  RJ,"Hoje, 20:43",https://rj.olx.com.br/serra-angra-dos-reis-e-regiao/celulares/amazfit-x-smartwatch-1100740220,2022-10-23
792919919,Capa antishock transparente Asus Zenfone diversos!,R$ 20,Salvador -  BA,"Hoje, 20:43",https://ba.olx.com.br/grande-salvador/celulares/capa-antishock-transparente-asus-zenfone-diversos-792919919,2022-10-23
1100740204,Smartband Samsung Galaxy Fit 2,R$ 180,São José -  SC,"Hoje, 20:43",https://sc.olx.com.br/florianopolis-e-regiao/celulares/smartband-samsung-galaxy-fit-2-1100740204,2022-10-23
1100740170,Pau de selfie + suporte de celular + mini-tripe,R$ 70,São Bernardo do Campo -  SP,"Hoje, 20:43",https://sp.olx.com.br/sao-paulo-e-regiao/celulares/pau-de-selfie-suporte-de-celular-mini-tripe-1100740170,2022-10-23
1049337835,"iPhone 8 Plus Black 256gb SEMINOVO - até 12x sem juros, LOJA FÍSICA ",R$ 1.990,Curitiba -  PR,"Hoje, 20:43",https://pr.olx.com.br/regiao-de-curitiba-e-paranagua/celulares/iphone-8-plus-black-256gb-seminovo-ate-12x-sem-juros-loja-fisica-1049337835,2022-10-23
1100740140,Guincho Aceitamos pix e cartão,,Boa Vista -  RR,"Hoje, 20:43",https://rr.olx.com.br/roraima/celulares/guincho-aceitamos-pix-e-cartao-1100740140,2022-10-23
825506054,Capa Clear Anti Impacto Protetora Xiaomi Redmi 9c <br><br><br>,R$ 25,Salvador -  BA,"Hoje, 20:43",https://ba.olx.com.br/grande-salvador/celulares/capa-clear-anti-impacto-protetora-xiaomi-redmi-9c-br-br-br-825506054,2022-10-23
1100740092,tela amplificadora para celular nova,R$ 20,Betim -  MG,"Hoje, 20:43",https://mg.olx.com.br/belo-horizonte-e-regiao/celulares/tela-amplificadora-para-celular-nova-1100740092,2022-10-23
1069037478,IPHONE 6S SEMINOVO 128GB ,R$ 999,Belo Horizonte -  MG,"Hoje, 20:43",https://mg.olx.com.br/belo-horizonte-e-regiao/celulares/iphone-6s-seminovo-128gb-1069037478,2022-10-23
1066995677,IPHONE 11 SEMI NOVO 64 GB DE ,R$ 2.850,Belo Horizonte -  MG,"Hoje, 20:43",https://mg.olx.com.br/belo-horizonte-e-regiao/celulares/iphone-11-semi-novo-64-gb-de-1066995677,2022-10-23
1100740070,VENDO MOTOROLA ONE FUSION PRA LEVAR AGORA!!,R$ 950,Salvador -  BA,"Hoje, 20:43",https://ba.olx.com.br/grande-salvador/celulares/vendo-motorola-one-fusion-pra-levar-agora-1100740070,2022-10-23
888173573,Capa Case Xiaomi Redmi 9,R$ 35,Salvador -  BA,"Hoje, 20:43",https://ba.olx.com.br/grande-salvador/celulares/capa-case-xiaomi-redmi-9-888173573,2022-10-23
1100740024,iPhone 7 128gb,R$ 850,Porto Velho -  RO,"Hoje, 20:42",https://ro.olx.com.br/rondonia/celulares/iphone-7-128gb-1100740024,2022-10-23
1100740018,Motorola celular seminovo,R$ 350,São Paulo -  SP,"Hoje, 20:42",https://sp.olx.com.br/sao-paulo-e-regiao/celulares/motorola-celular-seminovo-1100740018,2022-10-23
1100740000,Samsung Galaxy S22 Preto,R$ 3.300,Valparaíso de Goiás -  DF,"Hoje, 20:42",https://df.olx.com.br/distrito-federal-e-regiao/celulares/samsung-galaxy-s22-preto-1100740000,2022-10-23
1100739945, Redmi 10C 64Gb Garantia 6 meses Entrega imediata ,R$ 859,Uberlândia -  MG,"Hoje, 20:42",https://mg.olx.com.br/regiao-de-uberlandia-e-uberaba/celulares/redmi-10c-64gb-garantia-6-meses-entrega-imediata-1100739945,2022-10-23
780817446,Capa antishock transparente Samsung Note 10 lite,R$ 25,Salvador -  BA,"Hoje, 20:42",https://ba.olx.com.br/grande-salvador/celulares/capa-antishock-transparente-samsung-note-10-lite-780817446,2022-10-23
1100739917,"IPhone 7 Plus, 128 memória ",R$ 1.200,Uberlândia -  MG,"Hoje, 20:42",https://mg.olx.com.br/regiao-de-uberlandia-e-uberaba/celulares/iphone-7-plus-128-memoria-1100739917,2022-10-23
1100739902,Tablet sansung a6 seminovo usado poucas vezes,R$ 500,Araucária -  PR,"Hoje, 20:42",https://pr.olx.com.br/regiao-de-curitiba-e-paranagua/celulares/tablet-sansung-a6-seminovo-usado-poucas-vezes-1100739902,2022-10-23
1100739884,iPhone ,R$ 130,São Bernardo do Campo -  SP,"Hoje, 20:42",https://sp.olx.com.br/sao-paulo-e-regiao/celulares/iphone-1100739884,2022-10-23
1093799828,iphone 14 pro max ,R$ 11.250,Goiânia -  GO,"Hoje, 20:42",https://go.olx.com.br/grande-goiania-e-anapolis/celulares/iphone-14-pro-max-1093799828,2022-10-23
810035817,Capa Case Silicone aveludada Xiaomi Redmi Note 9s,R$ 30,Salvador -  BA,"Hoje, 20:42",https://ba.olx.com.br/grande-salvador/celulares/capa-case-silicone-aveludada-xiaomi-redmi-note-9s-810035817,2022-10-23
970014176,Smartphone Samsung Galaxy A03 Core 32GB 2GB,R$ 750,João Pessoa -  PB,"Hoje, 20:41",https://pb.olx.com.br/paraiba/celulares/smartphone-samsung-galaxy-a03-core-32gb-2gb-970014176,2022-10-23
1100739857,Note 20 Ultra 5G com nota fiscal SEM ACESSÓRIOS - Aceito cartão,R$ 3.600,Brasília -  DF,"Hoje, 20:41",https://df.olx.com.br/distrito-federal-e-regiao/celulares/note-20-ultra-5g-com-nota-fiscal-sem-acessorios-aceito-cartao-1100739857,2022-10-23
1100739848,Samsung A02 32gb,R$ 520,Caucaia -  CE,"Hoje, 20:41",https://ce.olx.com.br/fortaleza-e-regiao/celulares/samsung-a02-32gb-1100739848,2022-10-23
1100739819,Torro Fone De Ouvido Sem Fio Sony Wi-c400 com NFC e Bluetooth,R$ 120,Curitiba -  PR,"Hoje, 20:41",https://pr.olx.com.br/regiao-de-curitiba-e-paranagua/celulares/torro-fone-de-ouvido-sem-fio-sony-wi-c400-com-nfc-e-bluetooth-1100739819,2022-10-23
1100739809,Vendo iPhone 8plus 256Gb ,R$ 2.200,Niterói -  RJ,"Hoje, 20:41",https://rj.olx.com.br/rio-de-janeiro-e-regiao/celulares/vendo-iphone-8plus-256gb-1100739809,2022-10-23
1100739812,Iphone 7 plus ,R$ 950,Rio de Janeiro -  RJ,"Hoje, 20:41",https://rj.olx.com.br/rio-de-janeiro-e-regiao/celulares/iphone-7-plus-1100739812,2022-10-23
1100739723,iPhone X perfeito estado!,R$ 1.500,Recife -  PE,"Hoje, 20:41",https://pe.olx.com.br/grande-recife/celulares/iphone-x-perfeito-estado-1100739723,2022-10-23
1100739719,fone sem fio i7,R$ 70,Manaus -  AM,"Hoje, 20:41",https://am.olx.com.br/regiao-de-manaus/celulares/fone-sem-fio-i7-1100739719,2022-10-23
1100739694,iPhone SE MODELO NOVO NA GARANTIA APPLE,R$ 1.600,Guarapari -  ES,"Hoje, 20:41",https://es.olx.com.br/norte-do-espirito-santo/celulares/iphone-se-modelo-novo-na-garantia-apple-1100739694,2022-10-23
1100739669,Moto e5 32gb,R$ 250,Camaçari -  BA,"Hoje, 20:40",https://ba.olx.com.br/grande-salvador/celulares/moto-e5-32gb-1100739669,2022-10-23
1100739672,iPhone 12 256gb ,R$ 3.849,Curitiba -  PR,"Hoje, 20:40",https://pr.olx.com.br/regiao-de-curitiba-e-paranagua/celulares/iphone-12-256gb-1100739672,2022-10-23
1100739665,IPhone 11 Red 128 Gb ,R$ 2.500,Osasco -  SP,"Hoje, 20:40",https://sp.olx.com.br/sao-paulo-e-regiao/celulares/iphone-11-red-128-gb-1100739665,2022-10-23
1100739659,Vendo corrente de prata pura ,R$ 500,Osasco -  SP,"Hoje, 20:40",https://sp.olx.com.br/sao-paulo-e-regiao/celulares/vendo-corrente-de-prata-pura-1100739659,2022-10-23
920652895,Carregador Magsafe por indução 20W Lehmox<br><br>,R$ 80,Salvador -  BA,"Hoje, 20:40",https://ba.olx.com.br/grande-salvador/celulares/carregador-magsafe-por-inducao-20w-lehmox-br-br-920652895,2022-10-23
1100739634,Smartwatch Haylou RT2 Usado,R$ 200,Rio de Janeiro -  RJ,"Hoje, 20:40",https://rj.olx.com.br/rio-de-janeiro-e-regiao/celulares/smartwatch-haylou-rt2-usado-1100739634,2022-10-23
1100739615,Samsung  A02s ,R$ 580,São Luís -  MA,"Hoje, 20:40",https://ma.olx.com.br/regiao-de-sao-luis/celulares/samsung-a02s-1100739615,2022-10-23
1100739573,iPhone 14 pro 128 gb,R$ 9.500,Manaus -  AM,"Hoje, 20:40",https://am.olx.com.br/regiao-de-manaus/celulares/iphone-14-pro-128-gb-1100739573,2022-10-23
1100739593,Vendo ou troco ,R$ 11.000,Miranda -  MS,"Hoje, 20:40",https://ms.olx.com.br/mato-grosso-do-sul/celulares/vendo-ou-troco-1100739593,2022-10-23
1100739599,Iphone 14 PRO MAX 256GB ,R$ 11.000,Fortaleza -  CE,"Hoje, 20:40",https://ce.olx.com.br/fortaleza-e-regiao/celulares/iphone-14-pro-max-256gb-1100739599,2022-10-23
1100739567,iPhone 14 roxo troca pelo pro ou pro Max ,R$ 6.399,Nova Iguaçu -  RJ,"Hoje, 20:40",https://rj.olx.com.br/rio-de-janeiro-e-regiao/celulares/iphone-14-roxo-troca-pelo-pro-ou-pro-max-1100739567,2022-10-23
1099383250,"Samsung Galaxy S20 fe , 128 GB , 6 de RAM , vendo ou troco com volta aceito cartão ",R$ 1.600,Macapá -  AP,"Hoje, 20:40",https://ap.olx.com.br/amapa/celulares/samsung-galaxy-s20-fe-128-gb-6-de-ram-vendo-ou-troco-com-volta-aceito-cartao-1099383250,2022-10-23
1018005545,Apple Watch Serie 7 GPS 45mm | 41mm - Preço promocional! Lacrado 1 ano garantia! Até 12x,R$ 2.799,Porto Alegre -  RS,"Hoje, 20:40",https://rs.olx.com.br/regioes-de-porto-alegre-torres-e-santa-cruz-do-sul/celulares/apple-watch-serie-7-gps-45mm-41mm-preco-promocional-lacrado-1-ano-garantia-ate-12x-1018005545,2022-10-23
1086288063,"iPhone 11 64GB - Lacrado, 1 ano de garantia! Até 12x no cartão 64 gb 128 256",R$ 3.499,Porto Alegre -  RS,"Hoje, 20:40",https://rs.olx.com.br/regioes-de-porto-alegre-torres-e-santa-cruz-do-sul/celulares/iphone-11-64gb-lacrado-1-ano-de-garantia-ate-12x-no-cartao-64-gb-128-256-1086288063,2022-10-23
1100739336,iPhone 7 Plus 128GB ,R$ 1.697,Palhoça -  SC,"Hoje, 20:40",https://sc.olx.com.br/florianopolis-e-regiao/celulares/iphone-7-plus-128gb-1100739336,2022-10-23
1100739341,IPhone XR 64gb,R$ 1.899,Feira de Santana -  BA,"Hoje, 20:40",https://ba.olx.com.br/regiao-de-feira-de-santana-e-alagoinhas/celulares/iphone-xr-64gb-1100739341,2022-10-23
1100739385,Iphone 13 128Gb Lacrado Preto,R$ 4.899,Londrina -  PR,"Hoje, 20:40",https://pr.olx.com.br/regiao-de-londrina/celulares/iphone-13-128gb-lacrado-preto-1100739385,2022-10-23
1100739465,Iphone 11 64gb,R$ 2.699,Feira de Santana -  BA,"Hoje, 20:40",https://ba.olx.com.br/regiao-de-feira-de-santana-e-alagoinhas/celulares/iphone-11-64gb-1100739465,2022-10-23
1100739490,Placa de Endereço,,Goiânia -  GO,"Hoje, 20:40",https://go.olx.com.br/grande-goiania-e-anapolis/celulares/placa-de-endereco-1100739490,2022-10-23
1100739293,Iphone 8 plus prata 64Gb,R$ 1.400,Campinas -  SP,"Hoje, 20:40",https://sp.olx.com.br/grande-campinas/celulares/iphone-8-plus-prata-64gb-1100739293,2022-10-23
1100739120,celular Galaxy s7 com oculos,R$ 650,Pinhais -  PR,"Hoje, 20:40",https://pr.olx.com.br/regiao-de-curitiba-e-paranagua/celulares/celular-galaxy-s7-com-oculos-1100739120,2022-10-23
1100739124,Maquininha da ton,R$ 397,Salgado de São Félix -  PB,"Hoje, 20:40",https://pb.olx.com.br/paraiba/celulares/maquininha-da-ton-1100739124,2022-10-23
1100739233,Maquina de cartao nova não precisa de celular ,R$ 188,Alvorada -  RS,"Hoje, 20:40",https://rs.olx.com.br/regioes-de-porto-alegre-torres-e-santa-cruz-do-sul/celulares/maquina-de-cartao-nova-nao-precisa-de-celular-1100739233,2022-10-23
1100739238,Vendo esse kit de conserto de celular ,R$ 350,Duque de Caxias -  RJ,"Hoje, 20:40",https://rj.olx.com.br/rio-de-janeiro-e-regiao/celulares/vendo-esse-kit-de-conserto-de-celular-1100739238,2022-10-23
1100739264,Maquininha ton,R$ 398,Salgado de São Félix -  PB,"Hoje, 20:40",https://pb.olx.com.br/paraiba/celulares/maquininha-ton-1100739264,2022-10-23
1100739068,IPHONE 12 256GB NA GARANTIA,R$ 4.700,Fortaleza -  CE,"Hoje, 20:40",https://ce.olx.com.br/fortaleza-e-regiao/celulares/iphone-12-256gb-na-garantia-1100739068,2022-10-23
1100739072,iPhone 6s 64 GB,R$ 250,Cuiabá -  MT,"Hoje, 20:40",https://mt.olx.com.br/regiao-de-cuiaba/celulares/iphone-6s-64-gb-1100739072,2022-10-23
1100739082,iPhone 11 ,R$ 1.900,Estância -  SE,"Hoje, 20:40",https://se.olx.com.br/sergipe/celulares/iphone-11-1100739082,2022-10-23
1100739083,Redmi 10A  de 32GB  Novo lacrado disponível ,R$ 730,Uberlândia -  MG,"Hoje, 20:40",https://mg.olx.com.br/regiao-de-uberlandia-e-uberaba/celulares/redmi-10a-de-32gb-novo-lacrado-disponivel-1100739083,2022-10-23
1100739084,IPHONE 12 PRO 128GB ,R$ 4.350,Anápolis -  GO,"Hoje, 20:40",https://go.olx.com.br/grande-goiania-e-anapolis/celulares/iphone-12-pro-128gb-1100739084,2022-10-23
1100739089,Celular iPhone 11 branco,R$ 2.800,Blumenau -  SC,"Hoje, 20:40",https://sc.olx.com.br/norte-de-santa-catarina/celulares/celular-iphone-11-branco-1100739089,2022-10-23
1100739094,Celular Samsung J7,R$ 35,Manaus -  AM,"Hoje, 20:40",https://am.olx.com.br/regiao-de-manaus/celulares/celular-samsung-j7-1100739094,2022-10-23
1100739098,Moto G6 Play - Semi novo ,R$ 380,Maringá -  PR,"Hoje, 20:40",https://pr.olx.com.br/regiao-de-maringa/celulares/moto-g6-play-semi-novo-1100739098,2022-10-23
1100739099,Samsung Galaxy A01,R$ 450,Fortaleza -  CE,"Hoje, 20:40",https://ce.olx.com.br/fortaleza-e-regiao/celulares/samsung-galaxy-a01-1100739099,2022-10-23
1100738780,iPhone 7 plus 128 GB,R$ 1.100,Cabo de Santo Agostinho -  PE,"Hoje, 20:40",https://pe.olx.com.br/grande-recife/celulares/iphone-7-plus-128-gb-1100738780,2022-10-23
1100738785,iPhone 6s ,R$ 300,Palhoça -  SC,"Hoje, 20:40",https://sc.olx.com.br/florianopolis-e-regiao/celulares/iphone-6s-1100738785,2022-10-23
1100738788,Iphone 12,R$ 4.500,São Paulo -  SP,"Hoje, 20:40",https://sp.olx.com.br/sao-paulo-e-regiao/celulares/iphone-12-1100738788,2022-10-23
1100738791,IPhone 13 Branco 128GB ,R$ 4.199,Aparecida de Goiânia -  GO,"Hoje, 20:40",https://go.olx.com.br/grande-goiania-e-anapolis/celulares/iphone-13-branco-128gb-1100738791,2022-10-23
1100738798,iPhone xr ,R$ 3.000,Recife -  PE,"Hoje, 20:40",https://pe.olx.com.br/grande-recife/celulares/iphone-xr-1100738798,2022-10-23
1100738799,Celular moto G5 plus ,R$ 430,Suzano -  SP,"Hoje, 20:40",https://sp.olx.com.br/sao-paulo-e-regiao/celulares/celular-moto-g5-plus-1100738799,2022-10-23
1100738804,Samsung A02,R$ 500,Belém -  PA,"Hoje, 20:40",https://pa.olx.com.br/regiao-de-belem/celulares/samsung-a02-1100738804,2022-10-23
1100738809,"Celular Iphone 6s, 32g. ",R$ 450,Goiânia -  GO,"Hoje, 20:40",https://go.olx.com.br/grande-goiania-e-anapolis/celulares/celular-iphone-6s-32g-1100738809,2022-10-23
1100738811,TV Led 32 Pol LG Imagem de Cinema HD Muito Nova,R$ 1.000,Belém -  PA,"Hoje, 20:40",https://pa.olx.com.br/regiao-de-belem/celulares/tv-led-32-pol-lg-imagem-de-cinema-hd-muito-nova-1100738811,2022-10-23
1100738813,Capinhas iPhone diversos modelos ,R$ 5,Goiânia -  GO,"Hoje, 20:40",https://go.olx.com.br/grande-goiania-e-anapolis/celulares/capinhas-iphone-diversos-modelos-1100738813,2022-10-23
1100738817,Vendo mais barato da olx ,R$ 450,São José dos Campos -  SP,"Hoje, 20:40",https://sp.olx.com.br/vale-do-paraiba-e-litoral-norte/celulares/vendo-mais-barato-da-olx-1100738817,2022-10-23
1100738844,A30s e moto g6 plus ,R$ 550,Campos dos Goytacazes -  RJ,"Hoje, 20:40",https://rj.olx.com.br/norte-do-estado-do-rio/celulares/a30s-e-moto-g6-plus-1100738844,2022-10-23
1100738845,Vendo Motorola G 7,R$ 340,Sorocaba -  SP,"Hoje, 20:40",https://sp.olx.com.br/regiao-de-sorocaba/celulares/vendo-motorola-g-7-1100738845,2022-10-23
1100738847,IPHONE 7plus 32gb,R$ 900,Salvador -  BA,"Hoje, 20:40",https://ba.olx.com.br/grande-salvador/celulares/iphone-7plus-32gb-1100738847,2022-10-23
1100738857,IPHONE SE 2 ,R$ 1.599,São Luís -  MA,"Hoje, 20:40",https://ma.olx.com.br/regiao-de-sao-luis/celulares/iphone-se-2-1100738857,2022-10-23
1100738859,Moto E6 Play Funcionando Tudo Pode Testar!,R$ 110,Manaus -  AM,"Hoje, 20:40",https://am.olx.com.br/regiao-de-manaus/celulares/moto-e6-play-funcionando-tudo-pode-testar-1100738859,2022-10-23
1100738863,Xiaomi mi a2 lite 32 gigas leia o anúncio ,R$ 320,Teresina -  PI,"Hoje, 20:40",https://pi.olx.com.br/regiao-de-teresina-e-parnaiba/celulares/xiaomi-mi-a2-lite-32-gigas-leia-o-anuncio-1100738863,2022-10-23
1100738871,Vendo iPhone 6s 64gigas,R$ 600,São José de Ribamar -  MA,"Hoje, 20:40",https://ma.olx.com.br/regiao-de-sao-luis/celulares/vendo-iphone-6s-64gigas-1100738871,2022-10-23
1100738879,"Samsung S20 FE 128GB, impecável, c/ garantia e nota.",R$ 1.399,Sorocaba -  SP,"Hoje, 20:40",https://sp.olx.com.br/regiao-de-sorocaba/celulares/samsung-s20-fe-128gb-impecavel-c-garantia-e-nota-1100738879,2022-10-23
1100738888,Samsung a10S ,R$ 130,São Paulo -  SP,"Hoje, 20:40",https://sp.olx.com.br/sao-paulo-e-regiao/celulares/samsung-a10s-1100738888,2022-10-23
1100738890,Capa para celular,R$ 15,Ananindeua -  PA,"Hoje, 20:40",https://pa.olx.com.br/regiao-de-belem/celulares/capa-para-celular-1100738890,2022-10-23
1100738895,iPhone 8 plus 64GB ,R$ 1.899,Palhoça -  SC,"Hoje, 20:40",https://sc.olx.com.br/florianopolis-e-regiao/celulares/iphone-8-plus-64gb-1100738895,2022-10-23
1100738896,"Samsung A02 s,,  sem marcas de uso, é ",R$ 480,Salvador -  BA,"Hoje, 20:40",https://ba.olx.com.br/grande-salvador/celulares/samsung-a02-s-sem-marcas-de-uso-e-1100738896,2022-10-23
1100738898,"OPORTUNIDADE! Galaxy Watch Active 2 Rosa, sem marca de uso!",R$ 650,Salvador -  BA,"Hoje, 20:40",https://ba.olx.com.br/grande-salvador/celulares/oportunidade-galaxy-watch-active-2-rosa-sem-marca-de-uso-1100738898,2022-10-23
1100738899,notebook i5 segunda geraçao 8gigas de ram E SSD ,R$ 450,Manaus -  AM,"Hoje, 20:40",https://am.olx.com.br/regiao-de-manaus/celulares/notebook-i5-segunda-geracao-8gigas-de-ram-e-ssd-1100738899,2022-10-23
1100738902,Celular Semp go3e sem nenhum arranhão ,R$ 200,Manaus -  AM,"Hoje, 20:40",https://am.olx.com.br/regiao-de-manaus/celulares/celular-semp-go3e-sem-nenhum-arranhao-1100738902,2022-10-23
1100738908,Vendo IPhone 7 32GB + Apple Watch 3 42MM,R$ 1.600,Paulínia -  SP,"Hoje, 20:40",https://sp.olx.com.br/grande-campinas/celulares/vendo-iphone-7-32gb-apple-watch-3-42mm-1100738908,2022-10-23
1100738911,Tablet Samsung Tab A6 - possui WhatsApp,R$ 400,Juiz de Fora -  MG,"Hoje, 20:40",https://mg.olx.com.br/regiao-de-juiz-de-fora/celulares/tablet-samsung-tab-a6-possui-whatsapp-1100738911,2022-10-23
1100738915,E celular Lg K8 V,R$ 400,Curitiba -  PR,"Hoje, 20:40",https://pr.olx.com.br/regiao-de-curitiba-e-paranagua/celulares/e-celular-lg-k8-v-1100738915,2022-10-23
1100738918,Motorola one hyper 128gb ,R$ 1.000,São Paulo -  SP,"Hoje, 20:40",https://sp.olx.com.br/sao-paulo-e-regiao/celulares/motorola-one-hyper-128gb-1100738918,2022-10-23
1100738925,Samsung A 20,R$ 440,Aparecida de Goiânia -  GO,"Hoje, 20:40",https://go.olx.com.br/grande-goiania-e-anapolis/celulares/samsung-a-20-1100738925,2022-10-23
1100738932,iPhone 14 (128GB) midnight,R$ 6.000,Brasília -  DF,"Hoje, 20:40",https://df.olx.com.br/distrito-federal-e-regiao/celulares/iphone-14-128gb-midnight-1100738932,2022-10-23
1100738938,Troco os 2 por som de carro,R$ 0,Salvador -  BA,"Hoje, 20:40",https://ba.olx.com.br/grande-salvador/celulares/troco-os-2-por-som-de-carro-1100738938,2022-10-23
1100738946,Iphone 6s,R$ 270,Salvador -  BA,"Hoje, 20:40",https://ba.olx.com.br/grande-salvador/celulares/iphone-6s-1100738946,2022-10-23
1100738949,samsung s20 tela quebrada,R$ 400,São Paulo -  SP,"Hoje, 20:40",https://sp.olx.com.br/sao-paulo-e-regiao/celulares/samsung-s20-tela-quebrada-1100738949,2022-10-23
1100738953,iPhone ,,Fazenda Rio Grande -  PR,"Hoje, 20:40",https://pr.olx.com.br/regiao-de-curitiba-e-paranagua/celulares/iphone-1100738953,2022-10-23
1100738955,Cel Asus Zem fone 5 com 128GB de Armazenamento,R$ 1.050,Bebedouro -  SP,"Hoje, 20:40",https://sp.olx.com.br/regiao-de-sao-jose-do-rio-preto/celulares/cel-asus-zem-fone-5-com-128gb-de-armazenamento-1100738955,2022-10-23
1100738960,Samsung A51 Cinza ,R$ 1.000,Curitiba -  PR,"Hoje, 20:40",https://pr.olx.com.br/regiao-de-curitiba-e-paranagua/celulares/samsung-a51-cinza-1100738960,2022-10-23
1100738962,Tablet Sansumg 32g/2Ram Chip e 5g Android auto carplay,R$ 1.000,Visconde do Rio Branco -  MG,"Hoje, 20:40",https://mg.olx.com.br/regiao-de-juiz-de-fora/celulares/tablet-sansumg-32g-2ram-chip-e-5g-android-auto-carplay-1100738962,2022-10-23
1100738967,POCO M3 COMPLETO + 5 CAPAS,R$ 1.000,Rio de Janeiro -  RJ,"Hoje, 20:40",https://rj.olx.com.br/rio-de-janeiro-e-regiao/celulares/poco-m3-completo-5-capas-1100738967,2022-10-23
1100738972,Vende Xiaomi 11 ,R$ 2.900,Maringá -  PR,"Hoje, 20:40",https://pr.olx.com.br/regiao-de-maringa/celulares/vende-xiaomi-11-1100738972,2022-10-23
1100738973,Celular ,R$ 4.800,Barra do Piraí -  RJ,"Hoje, 20:40",https://rj.olx.com.br/serra-angra-dos-reis-e-regiao/celulares/celular-1100738973,2022-10-23
1100738981,Motorola ONE ,R$ 500,Praia Grande -  SP,"Hoje, 20:40",https://sp.olx.com.br/baixada-santista-e-litoral-sul/celulares/motorola-one-1100738981,2022-10-23
1100738982,iPhone 11 64gb ,R$ 2.800,São José -  SC,"Hoje, 20:40",https://sc.olx.com.br/florianopolis-e-regiao/celulares/iphone-11-64gb-1100738982,2022-10-23
1100738994,IPHONE XR 128GB,R$ 2.400,Manaus -  AM,"Hoje, 20:40",https://am.olx.com.br/regiao-de-manaus/celulares/iphone-xr-128gb-1100738994,2022-10-23
1100738998,IPHONE 11 64gb ,R$ 2.500,Sorocaba -  SP,"Hoje, 20:40",https://sp.olx.com.br/regiao-de-sorocaba/celulares/iphone-11-64gb-1100738998,2022-10-23
1100739000,Moto one hyper 128gb novo ,R$ 1.200,São Paulo -  SP,"Hoje, 20:40",https://sp.olx.com.br/sao-paulo-e-regiao/celulares/moto-one-hyper-128gb-novo-1100739000,2022-10-23
1100739005,J7 prime azul metálico,R$ 300,Juiz de Fora -  MG,"Hoje, 20:40",https://mg.olx.com.br/regiao-de-juiz-de-fora/celulares/j7-prime-azul-metalico-1100739005,2022-10-23
1100739011,A13,R$ 800,Florianópolis -  SC,"Hoje, 20:40",https://sc.olx.com.br/florianopolis-e-regiao/celulares/a13-1100739011,2022-10-23
1100739012,"iPhone 13 Pro Max, Verde Alpino, 128gb.",R$ 6.500,Curitiba -  PR,"Hoje, 20:40",https://pr.olx.com.br/regiao-de-curitiba-e-paranagua/celulares/iphone-13-pro-max-verde-alpino-128gb-1100739012,2022-10-23
1100739014,Amazfit t rex pro,R$ 700,Fortaleza -  CE,"Hoje, 20:40",https://ce.olx.com.br/fortaleza-e-regiao/celulares/amazfit-t-rex-pro-1100739014,2022-10-23
1100739020,Celular,R$ 500,Carapicuíba -  SP,"Hoje, 20:40",https://sp.olx.com.br/sao-paulo-e-regiao/celulares/celular-1100739020,2022-10-23
1100739022,Samsung galaxy A 12 ,R$ 750,Goiânia -  GO,"Hoje, 20:40",https://go.olx.com.br/grande-goiania-e-anapolis/celulares/samsung-galaxy-a-12-1100739022,2022-10-23
1100739027,Galaxy s21,R$ 1.750,Sertãozinho -  SP,"Hoje, 20:40",https://sp.olx.com.br/regiao-de-ribeirao-preto/celulares/galaxy-s21-1100739027,2022-10-23
1100739032,Motorola G7 plus ,R$ 550,Manaus -  AM,"Hoje, 20:40",https://am.olx.com.br/regiao-de-manaus/celulares/motorola-g7-plus-1100739032,2022-10-23
1100739036,Iphone 13 pro max 128 gigas,R$ 6.500,São Paulo -  SP,"Hoje, 20:40",https://sp.olx.com.br/sao-paulo-e-regiao/celulares/iphone-13-pro-max-128-gigas-1100739036,2022-10-23
1100739043,VENDO IPHONE X - 64G,R$ 2.000,Criciúma -  SC,"Hoje, 20:40",https://sc.olx.com.br/florianopolis-e-regiao/celulares/vendo-iphone-x-64g-1100739043,2022-10-23
1100739049,IPHONE 8 256gb,R$ 1.100,Fortaleza -  CE,"Hoje, 20:40",https://ce.olx.com.br/fortaleza-e-regiao/celulares/iphone-8-256gb-1100739049,2022-10-23
1100738545,SE 2020 impecável ,R$ 1.800,Lagoa Santa -  MG,"Hoje, 20:40",https://mg.olx.com.br/belo-horizonte-e-regiao/celulares/se-2020-impecavel-1100738545,2022-10-23
1100738548,IPHONE XS MAX 64GB,R$ 2.500,Jundiaí -  SP,"Hoje, 20:40",https://sp.olx.com.br/sao-paulo-e-regiao/celulares/iphone-xs-max-64gb-1100738548,2022-10-23
1100738549,Rx 6600 troca,R$ 660,Ourinhos -  SP,"Hoje, 20:40",https://sp.olx.com.br/regiao-de-bauru-e-marilia/celulares/rx-6600-troca-1100738549,2022-10-23
1100738550,Vendo  um celular ,R$ 600,Brasília -  DF,"Hoje, 20:40",https://df.olx.com.br/distrito-federal-e-regiao/celulares/vendo-um-celular-1100738550,2022-10-23
1100738553,iPhone 7 32 GB,R$ 690,Fortaleza -  CE,"Hoje, 20:40",https://ce.olx.com.br/fortaleza-e-regiao/celulares/iphone-7-32-gb-1100738553,2022-10-23
1100738556,iphone Xr,R$ 2.000,Londrina -  PR,"Hoje, 20:40",https://pr.olx.com.br/regiao-de-londrina/celulares/iphone-xr-1100738556,2022-10-23
1100738564,Vendo iPhone 7 32gb,R$ 650,João Pessoa -  PB,"Hoje, 20:40",https://pb.olx.com.br/paraiba/celulares/vendo-iphone-7-32gb-1100738564,2022-10-23
